album_uuid,album_title,album_year,album_category,album_music_director,album_lyricist,album_label,album_rating
884b26ab-ff2b-5ff4-b0f9-6d7c2125324c,Trapped (Farebi Jaal),1931,"Hindi, Film",,Master Vasant,,0
07182ee9-438a-5ced-a528-841a7303acbe,Aankh Ka Tara (Matru Bhakti),1932,"Hindi, Film",Motilal Naik,,,0
420c2ca5-2da5-5de3-b5e5-d3711dfcdbf6,Madhuri,1932,"Hindi, Film",Pransukh Nayak,,H.M.V.,0
531a4fe7-377f-50ec-aa82-3247a211df95,Maya Machhindra,1932,"Hindi, Film",Govindrao Tembe,,Saregama,0
63c911d4-27b6-5d1a-b668-766b59c55300,Aurat Ka Pyar,1933,"Hindi, Film",Mushtaq Ahmed,Agha Hashar Kashmiri,,0
c77dc47a-ccaf-58ec-8311-c1c370f64a29,Daku Ki Ladki,1933,"Hindi, Film","Pransukh Nayak, Gadgil",,H.M.V.,0
d51b929c-a47f-504b-8eab-b95929ef6ccb,Karma (Fate),1933,"Hindi, Film",Ernst Broadhurst,"J.L. Freer Hunt, Roy Douglas",GCIL-HMV,0
65e6ef8d-d176-5fe2-94f7-16336deb1ceb,Lal-E-Yaman (Parwiz Parizad),1933,"Hindi, Film","Joseph David, Master Mohammed","Joseph David, Munshi Aashaq",HMV/Odeon Records,0
facc9fff-ab8a-5e50-a8c9-ded9279512b0,Miss 1933,1933,"Hindi, Film",Jhande Khan,,,0
77803905-2974-5bcd-aef9-ec79c9246ab8,Naqli Doctor,1933,"Hindi, Film",,,,0
8a2d9301-022d-5c82-a1ab-2d366a0f33d6,Puran Bhagat (Puran Bhakat),1933,"Hindi, Film",Rai Chand Boral,,HMV/Hindustan/New Theatres,0
1cae8c64-9e7e-5d22-a1d1-da7fec03e4e6,Sairandhri,1933,"Hindi, Film",Govindrao Tembe,,Prabhat Records,0
d736a114-89a7-55a4-96ac-d328f0887ae6,Saubhagya Sundari,1933,"Hindi, Film",Pransukh Nayak,Munshi Zamir,,0
968ad13a-5ffa-5ad4-9ddd-c12152198fc4,Vikram Charitra (Rajkumar Thagsen),1933,"Hindi, Film",,,,0
708954c4-4de7-5f9d-90b1-e4deba17f680,Yahoodi Ki Larki,1933,"Hindi, Film",Pankaj Mullick,"Agha Hashar Kashmiri, Mirza Ghalib",Hindusthan Records,0
9ea7d1a1-c2bf-5e92-b664-6256c2cb69fe,Aaj Kal (Today),1934,"Hindi, Film",S.P. Rane,Narsinh Mehta,Megaphone Records,0
d5c6a70b-4521-5d67-9e36-d43777054b2b,Actress (Bambai Ki Mohini),1934,"Hindi, Film",Lallubhai Naik,Pandit Anuj,GCIL-HMV,0
0a240945-1e46-5995-885d-1dc9a7d3033a,Amrit Manthan,1934,"Hindi, Film",Keshavrao Bhole,Veer Muhammadpuri,GCIL-HMV,0
a43a1eb8-04f3-59ef-9a7e-06bba0163b96,Bala Joban,1934,"Hindi, Film",Badri Prasad,,,0
21cc1470-5f1f-577d-9f15-a41e899c6467,Bhakt Prahlad,1934,"Hindi, Film",Anna Sahab Mainkar,,GCIL-HMV,0
c8205c58-057b-51e9-b6d0-78f4ae90c8b1,Chandidas,1934,"Hindi, Film",Rai Chand Boral,Agha Hashar Kashmiri,Hindusthan Records,4.0
44346c86-8bd5-59ac-a61c-b411a73404b8,Grihalaxmi (Educated Wife),1934,"Hindi, Film",S.P. Rane,,GCIL-HMV,0
eeac520d-5ad7-5937-b061-c2231d26d896,Maharani,1934,"Hindi, Film",N. Chafekar,,,0
adbd9c5d-478c-500f-8b90-b4b9419408e5,Mera Imaan,1934,"Hindi, Film",,Dhaniram Prem,,0
3024ab6a-af56-5031-8307-5f3162971216,Sant Tulsidas,1934,"Hindi, Film","Raghuveer Ramnathkar, Suresh Babu Mane","Tulsidas, Gajanan Jagirdar",EMI-HMV,0
dd4bebbf-491b-5dc4-a2ff-910cdac15f09,Sultana,1934,"Hindi, Film",Mushtaq Hussain,Munshi Aziz,Megaphone Records,0
a606f3d6-ac2d-58d3-ae78-018373ff012b,Vatan Parast,1934,"Hindi, Film",Harischandra Bali,Ramanand Sharma,,0
6c8961e2-1a1f-5076-ab44-feb8d367936e,Azadi,1935,"Hindi, Film",Mushtaq Hussain,,,0
3cc2715f-c417-5fb1-8b01-999d87f21941,Bombay Mail,1935,"Hindi, Film","Lallubhai Naik, Hari Prasanna Das",Sampat Lal Shrivastav 'Anuj',,0
9a95a83f-2a6e-5178-9a7b-de674362a999,Desh Deepak,1935,"Hindi, Film",Master Mohammed,Joseph David,,0
3d2fe4a4-a451-5e0c-a9a0-b73a4c04b746,Devdas,1935,"Hindi, Film",Timir Baran,"Kidar Sharma, Traditional",New Theatres/ HMV Records,5.0
b7f1fd61-c650-5db9-96d2-b63f68abaebd,Dhoop Chhaon,1935,"Hindi, Film","Rai Chand Boral, Pankaj Mullick",P. Sudarshan,HMV/Hindustan Records,4.0
f9904513-ed31-5973-9bad-50a885c0d6b6,Dil Ki Pyaas,1935,"Hindi, Film",Nagardas Nayak,Agha Hashar Kashmiri,Megaphone Records,0
fea392bd-9cc6-5563-b6cb-f2482dd46dbc,Divine Sacrifice,1935,"Hindi, Film",Motilal - I,,,0
e0a09f9d-0fd6-5d78-9604-2c50f0633b20,Doctor Madhurika,1935,"Hindi, Film",Pransukh Nayak,Professor Waqif,EMI-HMV,0
0e8446fb-0798-5bee-bb75-8e07e0471fd5,Hind Kesri,1935,"Hindi, Film",Master Mohammed,Joseph David,,0
c97f65ec-2d7c-595c-9bbe-72ce9e6ed9d3,Jawani Ka Nasha,1935,"Hindi, Film",Ramzan Khan,Agha Hashar Kashmiri,,0
04780db6-2fbd-5898-b747-42e9ee45c421,Jeevan Natak,1935,"Hindi, Film",Harischandra Bali,Narottam Vyas,,0
e0e677d0-dda4-57db-a959-bf683eed03c7,Karwan-E-Hayat,1935,"Hindi, Film",Mihir Kiran Bhattacharya,Mirza Ghalib,Hindusthan Records,0
266affe3-6535-5dc7-a1d7-bf2a5b169bf6,Karwan-E-Husn,1935,"Hindi, Film",Binod B. Ganguli,,,0
22d9b15a-507e-5390-920c-d3e20f0bd167,Laal Chitthi,1935,"Hindi, Film",Lallubhai Naik,,,0
0ea56aa4-b765-5d0b-8bd4-a92f60ef3dc6,Noor-E-Yaman,1935,"Hindi, Film",Master Mohammed,Joseph David,,0
c8129dd0-15fb-59fc-89ae-a01c44ada53b,Pardesi Saiyan,1935,"Hindi, Film","Dinkar Rao Amembal, Dinkar Rao",,,0
1364113d-9490-5b09-8643-7061b5da1b40,Raj Mukut,1935,"Hindi, Film",Govindrao Tembe,Shiv Kumar - I,,0
088f24cc-6961-596f-8136-ac7b71fe8481,Swarg Ki Seedhi,1935,"Hindi, Film",Ghulam Haider,,,0
1ab68e51-e07a-555a-a617-480ea52efa21,Achhut Kanya,1936,"Hindi, Film",Saraswati Devi,J.S. Kashyap Naatwan,HMV Records,0
05350ea0-6d7a-58f6-8b9b-d403b8735b7d,Amar Jyoti,1936,"Hindi, Film",Master Krishna Rao,P. Narottam Vyas,HMV Records,0
2f33548c-b89b-55d9-9bee-585dfb0a8e6b,Amar Prem,1936,"Hindi, Film",Aashiq Hussain,,Columbia Records,0
2d18eb12-859e-5d2b-b817-bc202be08a54,Aseer-E-Havas,1936,"Hindi, Film",Govindrao Tembe,Kalim,,0
7322fbca-63cb-5ded-9d27-44f24a7a9f74,Bandit Of The Air,1936,"Hindi, Film",Moti Lal Nayak,,,0
3ba0a11c-7a6d-5c00-9567-194123ebef29,Chhaya (Holy Crime),1936,"Hindi, Film",Dhamman Khan,Pandit Indra,,0
cfdeee15-40e8-50f3-b3e5-a39727b68345,Deccan Queen,1936,"Hindi, Film",Pransukh Nayak,"Zia Sarhadi, Mirza Ghalib",HMV Records,0
6ecd5331-d52d-5a2d-84b1-1ee72e7132c3,Do Deewane,1936,"Hindi, Film",Pransukh Nayak,Raghunath Brahmbhatt,HMV Records,0
016a7bd7-fdf2-52eb-ba58-d68a79bc70d5,Fauladi Mukka,1936,"Hindi, Film",Master Mohammed,Munshi Gyan,HMV Records,0
f1d75105-9853-53f3-b0b1-ce4e7ed28fbb,Gol Nishaan (Mark Of Zero),1936,"Hindi, Film",,,Columbia Records,0
cd9ad45e-6542-5a5f-88a6-042f03b6daa2,Jai Bharat,1936,"Hindi, Film",Master Mohammed,"Gyan, Azim Qawwal Agrewale",,0
14b8acdc-08d2-5ca4-8ca0-e4e2b6e4eec7,Janmabhoomi,1936,"Hindi, Film",Saraswati Devi,Jamuna Swaroop Kashyap Naatwan,HMV Records,0
c9293a10-55b3-5dbb-be5a-85b6449106af,Jeevan Lata,1936,"Hindi, Film",Pransukh Nayak,Pandit Indra,HMV Records,0
c6ec52ea-ff8f-527b-a2c1-9855a6a22250,Jeevan Naiya,1936,"Hindi, Film",Saraswati Devi,Jamuna Swaroop Kashyap Naatwan,HMV Records,0
010a2b2c-f3e2-50e8-99e5-4fcba8d399e8,Kimiagar,1936,"Hindi, Film",Meer Sahib,"Munshi Shams, Munshi Rafiq, Mirza Ghalib",,0
a3647e3e-65fa-519f-b93d-8d0b46a18aa6,Lagna Bandhan,1936,"Hindi, Film",Pransukh Nayak,,HMV Records,0
4fe615e4-9814-5fa2-97f8-6dcfaf524e82,Maa,1936,"Hindi, Film",S.P. Rane,B.N. Gupta,Megaphone Records,0
c35b629d-8ba7-531d-a85d-40b11506a6bb,Manmohan,1936,"Hindi, Film",Ashok Ghosh,Zia Sarhadi,HMV Records,0
d2bf4d1c-6ca3-5265-9c04-4124d1e87db0,Manzil,1936,"Hindi, Film",R.C. Boral,"Arzoo Lakhnavi, A.H. Shore",New Theatres/ HMV Records,0
8a5aba16-21bb-597e-976d-0e1887d1188e,Maya,1936,"Hindi, Film","R.C. Boral, Pankaj Mullick",Asgar Hossain Shore,New Theatres/ HMV Records,0
2e7d5e41-4e0f-5a84-8d70-46ba77f150d5,Millionaire (Karodpati),1936,"Hindi, Film","Rai Chand Boral, Pankaj Mullick","Kedar Sharma, Mirza Ghalib",New Theatre Records,4.0
ba86bdc6-91e3-5d25-9c96-66c855b39ce2,Miss Frontier Mail,1936,"Hindi, Film",Master Mohammed,,,0
c434a878-8703-5950-a834-8835aee49643,Naseeb Ka Chakkar,1936,"Hindi, Film",Brijlal Varma,"Haider Hussain Lakhnavi, Traditional",Megaphone Records,0
65ea8965-79cd-50b4-bb40-36117d372bd2,Noor-E-Wahdat,1936,"Hindi, Film",Motilal - I,,,0
83751221-d7b6-5653-97c8-1a98557d5800,Prem Ki Aag,1936,"Hindi, Film",Mukhtar Begum,Agha Jabbar Sher Hashri,Columbia Records,0
0d2b5163-c7df-57de-975d-0eb9492cbbd0,Pujarin,1936,"Hindi, Film",Timir Baran,Pandit Bhushan,New Theatres/ HMV Records,0
51185aa5-cc3d-597b-93a3-6c4a6b28004d,Raajput Ramani,1936,"Hindi, Film",Keshavrao Bhole,Narottam Vyas,HMV Records,0
cfd09360-5e26-5f03-a52b-ab2aa0158046,Romantic India,1936,"Hindi, Film",Badri Prasad,,HMV Records,0
4be99590-ab9a-5386-a303-c245c7e0d4dc,Sipahsalar,1936,"Hindi, Film",Meer Sahib,"Munshi Rafiq, Munshi Sham",,0
501dda87-0ee1-5341-9fe7-2d67e2b8ab5b,Snehlata,1936,"Hindi, Film",Lallubhai Naik,Vijayshankar Bhatt,HMV Records,0
78585dd8-7ff7-558b-b668-4ee0c3f4f5f5,Sonehra Sansar,1936,"Hindi, Film",K.C. Dey,Vijay Kumar - IV,HMV/Hindustan Records,0
7a4bb5d1-1058-53ac-b801-f0dbd87898eb,Struggle (Jeevan Sangram),1936,"Hindi, Film",Nagardas Nayak,Munshi Dil,,0
e180d680-cd27-5a8c-8380-a4a7be7cbbc7,Village Girl (Gramya Kanya),1936,"Hindi, Film",Rao,Pandit Anuj,HMV Records,0
121e76ce-8450-5f09-a18a-8733141f25f2,Anath Ashram,1937,"Hindi, Film",R.C. Boral,Kedar Nath Sharma,New Theatre/Megaphone Records,0
83788e7d-012d-59ec-bf64-949bf389c0b2,Asiai Sitara (Star Of Asia),1937,"Hindi, Film",Master Mohammed,Pandit Anuj,Twin Records,0
cd14ecbb-e69a-52f3-a7db-8e878de3615b,Captain Kirti Kumar,1937,"Hindi, Film",Bhaskar Rao,,HMV Records/Twin Records,0
880bf789-eb92-5377-acd4-3cd8d6879f6c,Challenge,1937,"Hindi, Film",Lallubhai Naik,Sampat Lal Shrivastav 'Anuj',Twin Records,0
3f0c87e5-2ec9-5844-893b-141b4951bbee,Dhanwan (Mazdoor Ki Beti),1937,"Hindi, Film",H.C. Bali,"Roopbani, Behzad Lakhnavi",,0
582285fa-0c3d-5180-bee9-a5a899ea2b3c,Dharmveer,1937,"Hindi, Film",Anna Sahab Mainkar,,HMV Records/Twin Records,0
73812997-8de2-5051-afe5-b5b326d3f91d,Dukhiari,1937,"Hindi, Film","Anil Biswas, Madhulal Damodar Master",Gauri Shankar Lal 'Akhtar',,0
a4a6243e-e133-5637-bc19-f41929d17272,Duniya Na Mane,1937,"Hindi, Film",Keshavrao Bhole,"Munshi Aziz, Longfellow",HMV Records,0
7b420185-f3f5-5a7e-9b98-04f33bd9ddc1,His Highness,1937,"Hindi, Film","Shankar Rao Vyas, Lallubhai Naik",Pandit Anuj,Twin Records,0
04df1f51-8b13-519e-93b8-735393f9da12,Hurricane Hansa,1937,"Hindi, Film",Master Mohammed,,HMV Records/Twin Records,0
40df2517-d753-57b3-b49e-4fc65d38d4ac,Izzat,1937,"Hindi, Film",Saraswati Devi,Jamuna Swaroop Kashyap Naatwan,HMV Records,0
4935b0d4-b293-5959-9001-ae28151079b9,Jagirdar,1937,"Hindi, Film",Anil Biswas,"Zia Sarhadi, Pandit Indra",HMV Records,0
40e6a157-70e5-5aca-b655-be5dce1ef35e,Jeevan Prabhat,1937,"Hindi, Film",Saraswati Devi,Jamuna Swaroop Kashyap Naatwan,HMV Records,0
966a9b47-61a1-5c5b-acfd-65fe43aca458,Khudai Khidmatgar (Garib Ki Tope),1937,"Hindi, Film",Nagardas Nayak,"Arzoo Lakhnavi, Pandit Radheshyam",HMV Records,0
4f4ca09e-b31e-58aa-8d70-96295da60034,Mahageet (Eternal Music),1937,"Hindi, Film",Anil Biswas,Zia Sarhadi,HMV Records,0
9d126d0e-5e32-5366-a145-dc3ff24e1cc0,Milap,1937,"Hindi, Film",K.C. Dey,Maeel Lakhnavi,,0
274dc466-02df-54cb-9c19-87d2348ceace,Mister,1937,"Hindi, Film",Lallubhai Naik,Pandit Anuj,HMV Records,0
59118568-6209-5d09-b702-2c25d9843793,Moti Ka Har (Pearl Necklace),1937,"Hindi, Film",Jaddanbai,"P.L. Santoshi, Jaddanbai, Munshi Manzar",,0
f182c613-3495-5d39-a111-195882eaf44b,Mukti,1937,"Hindi, Film","Pankaj Mullick, R.C. Boral","Arzoo Lakhnavi, Asgar Hossain Shore, Mirza Ghalib, Prem - III",Megaphone/Columbia Records,0
6705b85e-0177-5c15-920c-e213c27df972,Parakh (Prem Kasauti),1937,"Hindi, Film",B.S. Hoogan,,Twin Records,0
98dd38f3-16b4-5330-9668-2a6c78851df3,Prem Kahani,1937,"Hindi, Film",Saraswati Devi,Jamuna Swaroop Kashyap Naatwan,HMV Records,0
2f20e3cd-5f63-54da-9807-82ea437955b4,Prem Yatra,1937,"Hindi, Film",Q.S. Zahoor,Hakeem Ahmed Shuja,Jien-O-Phone Records,0
cbc08c51-8e5f-5a08-bc61-cd3724e5ec7b,Premveer,1937,"Hindi, Film",Anna Sahab Mainkar,Pandit Indra,Twin Records,0
4775b463-7e50-501e-9c6a-1a3b8bdec954,Savitri,1937,"Hindi, Film",Saraswati Devi,Jamuna Swaroop Kashyap Naatwan,Twin/HMV Records,0
d163e102-278a-5b52-ba2b-90e8f9009019,The President (Badi Bahen),1937,"Hindi, Film","R.C. Boral, Pankaj Mullick",,Hindusthan Records,0
dfdc7718-27c8-53f4-9fc9-d0491ee45faf,Toofani Tarzan,1937,"Hindi, Film",Master Mohammed,Pandit Gyan,Twin Records,0
7b0e91a9-b700-5f96-85be-20a3ee789470,Toofani Toli (Reckless Rogues),1937,"Hindi, Film",Gyan Dutt,"Pyare Lal Santoshi, Arzoo Lakhnavi",EMI-HMV,0
8323c9c9-ceca-52bd-b30f-b4f2f81e5cfc,Vidyapati,1937,"Hindi, Film",R.C. Boral,Kedar Sharma,Hindusthan/HMV/Megaphone Records,0
de07d19d-0b42-544e-b568-6ad5603b60bf,Wahan (Beyond The Horizon),1937,"Hindi, Film",Master Krishnarao,Narottam Vyas,HMV Records,0
69ea99d4-5194-5f70-a0e7-62cd57ab3e4a,Zambo The Ape Man (Sher-E-Jungle),1937,"Hindi, Film",Badri Prasad,Badri Prasad,EMI-Twin Records,0
bec8d098-3003-5fea-bb95-24659bd64ba2,300 Days And After (300 Din Baad),1938,"Hindi, Film",Anil Biswas,Zia Sarhadi,HMV Records,0
a0612d56-bc38-5d40-9665-4e90582f1e0d,Abhagin,1938,"Hindi, Film",R.C. Boral,,Megaphone Records,0
5659015c-0bb2-57e5-8d20-d9aff990be0a,Adhikar,1938,"Hindi, Film",Timir Baran,"Rashid Gorakhpuri, Arzoo",New Theatre Records,0
b1532150-df45-563a-8fe0-7ac491e319c4,Amar Prem (Daughter Of The Himalayas),1938,"Hindi, Film",Badri Prasad,Narottam Vyas,HMV Records,0
264297c7-9c27-5820-8373-e369548c234c,Baghban,1938,"Hindi, Film",Mushtaq Hussain,Mirza Musharraf,HMV Records,0
f1a0434c-d74b-5beb-ac75-68bc1e64d4a7,Banke Saanwariya (The Vagabond Lover),1938,"Hindi, Film",Damodar Sharma,,Regal Records,0
e9134d05-d602-588c-973d-93bb84924561,Bhabi,1938,"Hindi, Film",Saraswati Devi,"Meerabai, J.S. Casshyap, Traditional",HMV Records,0
db9b34bd-d625-5af9-8559-c0bae07e541d,Billi,1938,"Hindi, Film",Gyan Dutt,Pyare Lal Santoshi,HMV Records,0
37f62a5c-5dce-5c44-97aa-a695b63d8f8b,Brahmachari,1938,"Hindi, Film",Dada Chandekar,Pandit Indra,Twin Records,0
f680e795-794b-5173-9778-3262d108f3ad,Chhote Sarkar,1938,"Hindi, Film",Shanti Kumar Desai,Pandit Amar,Twin Records,0
229548ed-7456-58b1-8288-8b8d7620f67f,Dharti Mata,1938,"Hindi, Film",Pankaj Mullick,Pandit Sudarshan,New Theatres Records,0
4c523bfe-526e-5c02-85a1-219b4368005c,Duniya Kya Hai,1938,"Hindi, Film","Anna Sahab Mainkar, Kikubhai Yagnik",Munshi Aziz,Columbia Records,0
e987eb0c-2f47-5cfd-a70d-94eb69bd2ede,Gopal Krishna,1938,"Hindi, Film",Master Krishna Rao,S.L. Shrivastava 'Anuj',Young India Records,0
791f3bea-1dd3-5f8d-ac51-61d3fcf41d6f,Gorakh Aya,1938,"Hindi, Film",Gyan Dutt,Pyare Lal Santoshi,HMV Records,0
53708530-5bbb-5e3f-b8c8-02548eed4356,Gramophone Singer,1938,"Hindi, Film",Anil Biswas,"P. Sudarshan, Zia Sarhadi, Balkrishna Bohra",HMV Records,0
7e418bc5-e998-5def-8f0e-abc756a6aa67,Hum Tum Aur Woh (We Three),1938,"Hindi, Film",Anil Biswas,"Wajahat Mirza, Zia Sarhadi",HMV Records,0
e47349e3-c922-521f-bc3e-d8dde6ce2203,Jailor,1938,"Hindi, Film",Mir Saheb,Kamal Amrohi,Twin Records,0
48c92eb1-862a-5373-91cd-07c8b6f5f06e,Jwala,1938,"Hindi, Film",Dhamman Khan,Pandit Indra,HMV Records,0
b97889e2-734d-5a30-8352-b4bce949ea70,Kiske Saajan (Dynamite),1938,"Hindi, Film",Anil Biswas,"Pandit Indra, Zia Sarhadi",HMV Records,0
196ff187-0763-5a44-a787-beea394ff972,Lutaru Lalna,1938,"Hindi, Film","Master Mohammed, Baldev Nayak",Pandit Gyan,Twin Records,0
f01cab69-6f88-514f-8c1a-7731ce7a0664,Meetha Zahar,1938,"Hindi, Film",B.S. Hoogan,Munshi Irshad Ahmed,Twin Records,0
df22fe10-3049-56c8-a1ce-874ee01b0ea4,Mera Ladka,1938,"Hindi, Film",Keshavrao Bhole,S.L. Shrivastava 'Anuj',Young India Records,0
b2bd6938-425e-51eb-908d-3fea49a30426,Mother India,1938,"Hindi, Film",Ram Gopal,,Young India Records,0
1f0bac1a-858e-5b73-8470-e6227563387c,Nirmala,1938,"Hindi, Film",Saraswati Devi,Jamuna Swaroop Kashyap Naatwan,HMV Records,0
238f17e0-f257-5cbf-b92d-8f4317e3cc38,Poornima,1938,"Hindi, Film",Shankar Rao Vyas,Sampat Lal Shrivastav 'Anuj',HMV Records,0
80b07668-d9cc-549e-800a-2e9c18637db0,Postman (Abhilasha),1938,"Hindi, Film",Anil Biswas,Zia Sarhadi,HMV Records,0
f02d9249-c879-5bce-824e-fd78787bca99,Professor Waman M.Sc.,1938,"Hindi, Film",Gyan Dutt,Pyare Lal Santoshi,HMV Records,0
3ab36852-50b1-5d7f-a501-aed3691ddc3e,Street Singer,1938,"Hindi, Film",R.C. Boral,"Arzoo Lucknawi, Wajid Ali Shah",Megaphone Records,3.0
ddba25e8-748c-5cb2-8550-c4bba252a8cf,Talaq (Divorce),1938,"Hindi, Film",Mir Saheb,Anand Kumar - II,HMV Records,0
ea4c1985-0e41-5c3f-b5eb-deb4dc99ecb2,The Secretary,1938,"Hindi, Film",Gyan Dutt,P.L. Santoshi,HMV Records,0
5804c0b3-b7ad-5f00-bd0f-00b2f515c2ba,Vachan,1938,"Hindi, Film",Saraswati Devi,Jamuna Swaroop Kashyap Naatwan,HMV Records,0
8f6283f6-8ad4-50ce-a09a-4335e8f5b01c,Vasanti,1938,"Hindi, Film","Govindrao Tembe, Mir Saheb",Abdul Baqi,HMV Records,0
c4091597-b337-5a51-b7a8-3e3ffafde0ba,Watan,1938,"Hindi, Film","Anil Biswas, Kazi Nazrul Islam",Wajahat Mirza,HMV Records/Twin Records,0
712a8348-c9a6-5dcd-bec1-51ab4c9daa2c,Zamana,1938,"Hindi, Film","Sunder Das, Anil Biswas","D.N. Madhok, Gauri Shankar Lal 'Akhtar'",HMV/Columbia Records,0
0778794f-81d2-5641-ba9c-2307998ee7f2,Aadmi,1939,"Hindi, Film",Master Krishnarao,Munshi Aziz,Young India Records,0
e9585e04-aca5-5977-a48a-330dea5fcd6d,Aapki Marzi (As You Please),1939,"Hindi, Film",Gyan Dutt,Pyare Lal Santoshi,HMV Records,0
ab392f6c-8ddc-5e10-a258-29ffd82039c0,Adhuri Kahani,1939,"Hindi, Film",Jnan Dutt,"J.S. Casshyap, P.L. Santoshi, Bhagyawati Ramya",HMV Records,0
93bfdc8f-669f-5da7-9162-d6dac7d13797,Brandy Ki Botal,1939,"Hindi, Film",Dada Chandekar,Pandit Indra,HMV Records,0
2adc7a12-7adf-5784-b335-18e1d99f2efa,Comrades (Jeevan Sathi),1939,"Hindi, Film",Anil Biswas,"Aah Sitapuri, Zia Sarhadi, Kanhaiyalal",HMV Records,0
a6a30f2f-cd34-5c62-ab5e-ca4bbfc300dd,Durga,1939,"Hindi, Film",Saraswati Devi,"Narottam Vyas, Traditional, Narendra Nath Tuli",HMV Records,0
2d10449e-a13f-5b31-9c05-c9639d5c5fd9,Dushman,1939,"Hindi, Film",Pankaj Mullick,Arzoo Lucknawi,Hindusthan Records,0
0201614e-158c-51c2-add1-19e48f4d34c6,Ek Hi Raasta (The Only Way),1939,"Hindi, Film",Anil Biswas,Pandit Indra,HMV Records,0
eecbcdab-9adc-5acf-a3c1-5e983dad9ea5,Garib Ka Lal (Prince Of Paupers),1939,"Hindi, Film",Sagir Asif,"Qabil, Rafi Kashmiri",Columbia Records,0
137969d9-e64c-569c-b5cb-7f91b3693ba3,Ghazi Salahuddin,1939,"Hindi, Film",Khemchand Prakash,Mirza Ghalib,Twin Records,0
dc73da11-6060-5057-a818-5bc82f264c7a,Jawani Ki Rit,1939,"Hindi, Film",R.C. Boral,Arzoo Lakhnavi,Hindusthan/HMV/Megaphone Records,0
5d5641cc-611b-5b23-a21b-425fb81ed69a,Kangan,1939,"Hindi, Film","Saraswati Devi, Ramchandra Pal, Pradeep","Sant Kabir, P. Narottam Vyas, Pradeep",HMV Records,0
8ef46315-d843-56fb-9363-f54657c91b10,Kapal Kundala,1939,"Hindi, Film",Pankaj Mullick,"Arzoo Lucknawi, A.H. Shor",HMV/Columbia Records,0
c61a0a06-50e3-5387-9fc6-17074f57efdd,Kon Kisi Ka,1939,"Hindi, Film",Rafique Ghaznavi,Munshi Dil,Young India Records,0
638a1045-a619-5401-b21e-d5b2e8d85989,Ladies Only,1939,"Hindi, Film",Anupam Ghatak,"Zia Sarhadi, Pandit Indra",HMV Records,0
a7e9fdbe-6b79-54ea-bf24-27226378bdd5,Meri Aankhen,1939,"Hindi, Film",Khemchand Prakash,Pyare Lal Santoshi,HMV Records,0
cad13891-a258-5435-b96f-d538f020f44d,Nadi Kinare (On The River),1939,"Hindi, Film",Gyan Dutt,"P.L. Santoshi, D.N. Madhok",HMV Records/Twin Records,0
5e390cd1-6dab-52c7-a4ca-e2ddd4513142,Navjivan,1939,"Hindi, Film",Saraswati Devi,"J.S. Casshyap, L. Meghani, Narottam Vyas",HMV Records,0
cb99cead-075f-5b44-8a4b-a677a80b6ce2,Pukar,1939,"Hindi, Film",Meer Sahib,S. Ameer Hyder 'Kamal',HMV Records,0
ec78aa7a-6309-58e4-bad1-d11d2d7fa6df,Sadhana,1939,"Hindi, Film",Anupam Ghatak,"K.L. Chaturvedi, Zia Sarhadi, Aah Sitapuri",HMV Records,0
e19ffa4f-c6a5-5fe2-9a5a-efb40369f328,Sant Tulsidas,1939,"Hindi, Film",Gyan Dutt,"P.L. Santoshi, Pandit Indra",HMV Records,3.0
3a15bd1b-62ea-52c7-b172-2786a7dc8ff1,Sapera,1939,"Hindi, Film",R.C. Boral,Kedar Sharma,Megaphone Records,0
7248b7c8-a773-57e3-a9c0-664b087ff8da,Service Limited (Seva Samaj),1939,"Hindi, Film",Anupam Ghatak,"Zia Sarhadi, Pandit Indra",HMV Records,0
640b22ce-2995-55e9-a283-721c123a201a,Sitara,1939,"Hindi, Film",Rafique Ghaznavi,Munshi Dil,HMV Records,0
029c81ab-ef6b-583b-8539-e6eacdb65663,Thokar (The Kick),1939,"Hindi, Film",Jnan Dutt,P.L. Santoshi,Megaphone/Saregama,0
82853f6c-0d56-5050-8b32-b6db41290a7b,Aaj Ka Hindustan,1940,"Hindi, Film",Khemchand Prakash,Deena Nath Madhok,HMV Records,0
60a86f23-9bb0-50af-b9ef-31cc5bbcf352,Aandhi,1940,"Hindi, Film",K.C. Dey,"Arzoo Lakhnavi, Rashid Gorakhpuri, P. Nautiyal",HMV Records,0
5b9f054d-67ed-50ed-97fc-6ddcb436aa07,Achhut,1940,"Hindi, Film","Gyan Dutt, Traditional","P.L. Santoshi, Lakshmanacharya, Pandit Indra",HMV Records,0
14a3e855-152e-5fa4-9135-f1d399a72865,Alakh Niranjan,1940,"Hindi, Film",D.P. Korgaonkar,Pandit Anand Kumar,HMV Records/Twin Records,0
56c4c17d-a485-5ed1-abe5-a0dc9cf7f65c,Alibaba,1940,"Hindi, Film",Anil Biswas,Aah Sitapuri,HMV Records,0
25dc1fb1-faac-5e8e-b715-2d8e089abf4b,Anuradha,1940,"Hindi, Film",Badri Prasad,Lajpat Rai,Twin Records,0
f621dbd6-aaa6-5445-bc86-a4ea0ec02097,Aurat,1940,"Hindi, Film",Anil Biswas,Safdar Aah,HMV Records,4.0
170f367c-13e8-5896-8e51-71dff9326a5d,Azad,1940,"Hindi, Film","Saraswati Devi, Ramchandra Pal","Jamuna Swaroop Kashyap Naatwan, Kabir, Meerabai",HMV Records,0
bbe0f67d-f95f-59e3-b89f-2f5e35c094a5,Azadi-E-Watan (Desh Sevak),1940,"Hindi, Film",,"Munshi Dil, Daag",,0
0532a3d8-bfa8-5fb6-a382-b08cbd808dc7,Bahurani,1940,"Hindi, Film",Rafiq Ghaznavi,"Azad - I, J.S. Casshyap",HMV Records,0
9aa272de-f992-53fd-8b3f-1417d1a60f93,Bandhan,1940,"Hindi, Film","Saraswati Devi, Ramchandra Pal",Pradeep,HMV Records,2.5
e307f775-bc87-58cc-9a46-4f85b3eab2ee,Bharosa,1940,"Hindi, Film",G.P. Kapoor,L.C. Bismil,Twin/HMV Records,0
36f6a3ed-a89c-568f-bd7b-822ebd79dc73,Chingari,1940,"Hindi, Film",Gyan Dutt,"J.S. Casshyap, P.L. Santoshi",HMV Records,0
2d82bc77-ede0-5b46-8def-1bc8d85c1f65,Diamond Queen,1940,"Hindi, Film",Madhulal Damodar Master,Munshi Sham,Twin Records,0
7f0a95d5-6c76-5cc9-ab43-0f535ff8a65c,Divali,1940,"Hindi, Film",Khemchand Prakash,"D.N. Madhok, Pandit Sudarshan, P.L. Santoshi",HMV/Odeon Records,0
761f2ddf-e10c-564a-abe4-5f2c23175154,Ek Hi Bhool,1940,"Hindi, Film",Shankar Rao Vyas,Sampat Lal Shrivastav 'Anuj',HMV Records,0
fd0721a9-2ca4-55d5-9b72-0624b86e601d,Ghar Ki Rani,1940,"Hindi, Film",Dada Chandekar,Pandit Indra,HMV Records,0
198105ef-d2f8-5df4-afb9-2813cef4fd45,Haar Jeet,1940,"Hindi, Film",R.C. Boral,"Arzoo Lakhnavi, Kedar Sharma",Young India/Megaphone Records,0
81fb319a-2815-519f-9f71-4c6e8c04cb84,Hind Ka Lal,1940,"Hindi, Film",Madhulal Damodar Master,"Gyan, Ata Biswani, Munshi Sham, Amir - I",HMV Records,0
d4f80c8f-a2f0-5970-8650-36337b95596c,Holi,1940,"Hindi, Film",Khemchand Prakash,D.N. Madhok,HMV Records,3.67
e8a60df0-26c3-5f9f-84ad-f469ce423634,Laxmi,1940,"Hindi, Film",Timir Baran,Mohan Sinha,HMV Records,0
17886d9e-442b-5dc7-95a5-af33ab611358,Main Hari,1940,"Hindi, Film",Mir Saheb,Kamal Amrohi,HMV Records,0
6220f427-c134-5c1e-bdf1-63d14fe05db8,Musafir,1940,"Hindi, Film",Gyan Dutt,D.N. Madhok,HMV Records,0
89aa7a0f-23dd-56d5-83c3-bba8198a598c,Narsi Bhagat,1940,"Hindi, Film",Shankar Rao Vyas,"Pandit Anuj, Trilokinath Balam, Narsinh Mehta",Young India Records,0
7f5c8d19-009a-5d9d-8619-5611a92d0d4d,Nartaki,1940,"Hindi, Film",Pankaj Mullick,Munshi Aarzoo,Columbia/Odeon Records,3.0
59cba384-e2dc-5982-ab8c-d0ba3ae21495,Prem Nagar,1940,"Hindi, Film",Naushad Ali,D.N. Madhok,Twin Records,0
e175807b-693d-578d-82a3-ad8af88d8325,Puja,1940,"Hindi, Film",Anil Biswas,Khan Shatir Ghaznavi,HMV Records,0
414f78b0-7fb6-54a7-aa1d-679f55b21b4d,Punarmilan,1940,"Hindi, Film","Ramchandra Pal, Pradeep, Saraswati Devi","Pradeep, Anand - IV, J.S. Casshyap, Pandit Indra",HMV Records,0
c1576f3d-d431-5fe9-ac3e-b3340e943380,Pyar (Next To God),1940,"Hindi, Film",Shanti Kumar,Munshi Qabil,Twin Records,0
31a568f3-cb69-592c-8d1e-5ccb3557650c,Sanskar (Chhoti Bahu),1940,"Hindi, Film",Ashok Ghosh,Kanhaiya Lal Chaturvedi,HMV Records,0
2a36e5a9-e408-5b63-a35d-beb249bb2fa1,Sneh Bandhan,1940,"Hindi, Film",Pannalal Ghosh,Pt. Narayan Prasad 'Betab',HMV Records,0
22f41995-d656-5ffc-88e9-7287a3a667af,Sohag,1940,"Hindi, Film",Timir Baran,"Pandit Indra, Kareem",HMV Records,0
329b01df-662c-5991-8d98-70d76efcfef2,Vasiyat (The Will),1940,"Hindi, Film",Khan Mastana,Abdul Baqi,HMV Records,0
f41dea68-23ce-577c-b3a6-d12d35faf899,Zindagi,1940,"Hindi, Film",Pankaj Mullick,"Arzoo Lucknawi, Kedar Sharma",New Theatres/Columbia Records,3.0
efd7aee4-e03a-512c-a45d-cc4d04a63880,Aasra,1941,"Hindi, Film",Anil Biswas,Safdar Aah,HMV Records,0
ce206a94-7626-5e24-8266-694779bb00d6,Akela,1941,"Hindi, Film",Khan Mastana,Pyarelal Santoshi,HMV Records,0
b5a745dc-e8a3-5613-bbba-286ff88c9397,Anjan,1941,"Hindi, Film",Pannalal Ghosh,"Kavi Pradeep, Pyarelal Santoshi",Saregama,0
5dd96551-52d9-56b9-b700-8d2833de8014,Bahen (Sister),1941,"Hindi, Film",Anil Biswas,"Safdar Aah, Wajahat Mirza",Saregama/Twin Records,0
bd24459f-4e09-5c1e-b51f-57861533b3fd,Beti,1941,"Hindi, Film",Gyan Dutt,"B.R. Sharma, Deena Nath Madhok",Saregama,0
00b5a5c4-cdf3-5afb-9b6d-425af194187c,Chitralekha,1941,"Hindi, Film","A.S. Gyani, Jhande Khan",Kedar Sharma,Megaphone/Hindustan Records,0
cf54f33e-1a16-540e-932c-f0ca7975365b,Darshan,1941,"Hindi, Film",Naushad Ali,"Pandit Indra, Pandit Phani, Baalam Pardesi",Young India Records,3.0
0c6093e5-2fad-5f47-a6de-6796f824f29e,Dhandora,1941,"Hindi, Film",Gyan Dutt,"Deena Nath Madhok, Butaram Sharma",Saregama,0
0dfa72b7-c9b7-531e-967b-6459faf22504,Doctor,1941,"Hindi, Film",Pankaj Mullick,"Arzoo Lakhnavi, A.H. Shor",Columbia Records/Saregama,4.0
4ccee030-980f-50fd-9721-6f01d2c5f95e,Himmat,1941,"Hindi, Film",Govind Ram,Aziz Kashmiri,Saregama,0
064ab56a-c6e6-5498-917c-eb2c3bba0b17,Holiday In Bombay,1941,"Hindi, Film",Khemchand Prakash,"Deena Nath Madhok, Munshi Dil, B.R. Sharma, Pandit Indra",Saregama/Twin Records,0
eafdd9c1-7191-5369-bb24-5aaace930ef7,Jhoola,1941,"Hindi, Film",Saraswati Devi,Kavi Pradeep,Saregama,0
601c1f1b-5f12-5b2d-8fdf-ae80b5e531ad,Kanchan,1941,"Hindi, Film","Naushad Ali, Gyan Dutt",D.N. Madhok,Saregama,0
f70b802e-084a-50a7-9102-b2d6a20fa87e,Khazanchi,1941,"Hindi, Film",Ghulam Haider,Wali Sahab,Jien-O-Phone/Columbia Records,0
5f94a57b-d298-557d-b619-559aeba34d1c,Lagan,1941,"Hindi, Film",Rai Chand Boral,Arzoo Lakhnavi,New Theatre/Megaphone Records,3.0
520e68f8-9591-5512-98ff-8db11f15d521,Mala,1941,"Hindi, Film",Naushad,"Baalam Pardesi, D.N. Madhok",Young India Records,0
d738757a-7cf4-58b9-98b5-7479abb9093b,Mere Sajan (Midnight Angel),1941,"Hindi, Film","Vasant Kumar Naidu, Hafiz Khan Mastana",Waheed Qureshi,Twin Records,0
367c9f74-583a-5ecb-afbb-22a256c1ad9c,Naya Sansar,1941,"Hindi, Film","Ramchandra Pal, Saraswati Devi",Kavi Pradeep,Saregama,0
5ea63369-d74b-597e-bfe4-40c3276ace93,Nirdosh,1941,"Hindi, Film",Ashok Ghosh,"Traditional, Neelkanth Tiwari, Kanhaiya Lal Chaturvedi, Zia Sarhadi",Saregama/Orient Records,0
9274c4fd-333a-58a2-b6b7-5683849e4039,Padosi,1941,"Hindi, Film",Master Krishnarao,Pandit Sudarshan,Young India Records,0
67d0bbc1-37bb-5f5e-83a7-8d68b61f6566,Pardesi,1941,"Hindi, Film",Khemchand Prakash,Deena Nath Madhok,Saregama,0
a412dc7d-5678-559a-9283-100f1cebeb01,Pyaas,1941,"Hindi, Film",Khemchand Prakash,Deena Nath Madhok,Saregama,0
49cd7c1f-1bb4-543d-adcf-01dfdbb222c7,Radhika,1941,"Hindi, Film",Ashok Ghosh,"K.B. Lal, Neelkanth Tiwari, Kanhaiya Lal Chaturvedi",Saregama,0
a9392c8c-ac65-5606-b97f-9c26d816c639,Raj Nartaki,1941,"Hindi, Film",Timir Baran,Pandit Indra,Saregama,0
ee507202-c8b0-59b6-8984-9710dcb32d89,Shadi,1941,"Hindi, Film",Khemchand Prakash,Deena Nath Madhok,Saregama,0
090818a1-c998-5276-99df-9d8a8be08993,Sikandar,1941,"Hindi, Film","Mir Sahib, Rafiq Ghaznavi",Pandit Sudarshan,Saregama,0
34f2c40b-38f1-5b82-8f2d-cc5c2d37de00,Swami,1941,"Hindi, Film",Rafiq Ghaznavi,"Tanveer Naqvi, Shatir Ghaznavi, Sahir, Pandit Indra Chandra",Saregama,0
16050012-85ca-5009-8c9d-eb28e29f815f,Taj Mahal,1941,"Hindi, Film",Madhavlal Damodar Master,"Behzad Lakhnavi, Pandit Anuj, S. Khalil",Twin/Hindustan Records,0
fca3f4dd-063f-5117-855e-d7cded99b928,Ummeed,1941,"Hindi, Film",Khemchand Prakash,Deena Nath Madhok,Saregama,0
af892563-c8fe-59f8-9c8c-633f6aa583ab,Ankh Michowli,1942,"Hindi, Film",Gyan Dutt,"Pandit Indra, Shatir Ghaznavi, Satyakam Sharma",Saregama,0
d7a302fa-7b77-5003-bbb9-f630a12cddb2,Apna Ghar,1942,"Hindi, Film",Harishchandra Bali,Narottam Vyas,Saregama,0
5a5ec8e9-f301-5cbe-b22a-1ffe37ca7a6a,Apna Paraya,1942,"Hindi, Film",Anil Biswas,Pandit Indra,Saregama,0
e9b77753-78c0-51a1-a6ac-3269d8cffab3,Arman,1942,"Hindi, Film",Gyan Dutt,Kedar Sharma,Saregama,0
462bf628-a6e2-5142-8801-40fb2ee1cef2,Basant,1942,"Hindi, Film",Pannalal Ghosh,Pyarelal Santoshi,Saregama,0
65404fab-54c1-5e25-b27e-28bb1f667470,Bhakta Surdas,1942,"Hindi, Film",Gyan Dutt,"Deena Nath Madhok, Surdas",Hindustan Records/Saregama,4.0
eab5eb0d-1c21-5b96-9157-dc1f11020040,Bharat Milap,1942,"Hindi, Film",Shankar Rao Vyas,"Pandit Anuj, Baalam Pardesi, Tulsidas, Pandit Indra",Young India Records,0
dab2abef-8123-5912-a77d-2da4484464c6,Bolti Bulbul,1942,"Hindi, Film",K.C. Verma,"Safdar Aah, Kabil Amritsari, Shams Lakhnavi",Saregama,0
8337fd43-c5f9-5185-8265-9baba9baf5d4,Chandni,1942,"Hindi, Film",Khemchand Prakash,Deena Nath Madhok,Saregama,0
2e8aaa51-cb49-5ff5-a99e-e08c42195762,Choodiyan,1942,"Hindi, Film",S.N. Tripathi,"Sharma, Neelkanth Tiwari, Ramesh Gupta, Pandit Indra",Saregama,0
d18aadfb-00d2-50e2-8aeb-f1d0d4dc9c20,Dukh Sukh,1942,"Hindi, Film",Khemchand Prakash,Wali Sahab,Saregama,0
4a2fe8b4-9a65-5ac0-9131-2236b85ec593,Ek Raat,1942,"Hindi, Film",S.K. Pal,"Pandit Indrajit Sharma, Mirza Ghalib",Saregama,0
00e95e10-a9e7-50d9-a564-269ea740ced5,Fariyad,1942,"Hindi, Film",Khemchand Prakash,Deena Nath Madhok,Saregama,0
0f9effe8-a8a7-5212-89f8-0c162380a143,Garib,1942,"Hindi, Film","Ashok Ghosh, Anil Biswas","Meera Bai, Safdar Aah, Pandit Indra",Saregama,0
f855f701-c2df-5eaa-8c82-97cbd0dee165,Iqrar,1942,"Hindi, Film",Khemchand Prakash,"Pandit Indra, Munshi Dil",Saregama,0
52493f0c-af73-51ea-b041-41b939e6028d,Jawab,1942,"Hindi, Film",Kamal Dasgupta,"Buddhi Chandra Agrawal Madhur, Bekal",Megaphone Records,5.0
3f30fe76-3d98-5dde-a67e-f8ad459e6dcc,Jawani,1942,"Hindi, Film",Anil Biswas,"Hazrat Aarzoo Lakhnavi, Wajahat Mirza Changezi",Saregama,0
34e0ef6e-fd48-5c5e-92c0-90449a4792ed,Jungle Princess,1942,"Hindi, Film",Madhavlal Damodar Master,Pandit Indra,Twin Records,0
55e59ad5-da67-5096-b37a-918a666cbaed,Khandan,1942,"Hindi, Film",Ghulam Haider,D.N. Madhok,Jien-O-Phone/Columbia Records,0
f5213dd5-46b1-5ee8-8a16-1ca35aa7485e,Khilauna (The Toy),1942,"Hindi, Film",Khemchand Prakash,Pandit Indra,Saregama,0
04949bf1-37ff-5954-807b-dc4a515766e7,Kunwara Baap,1942,"Hindi, Film",Ramchandra Pal,"Amritlal Nagar, Baalam Pardesi, Satyakam Sharma",Saregama,0
72003eff-efed-5957-bf04-6a6427e5d70a,Lalaji,1942,"Hindi, Film",Vasant Kumar Naidu,"Neelkanth Tiwari, Mirza Ghalib, Arzoo Lakhnavi",Saregama,0
9e6a4fbf-eb59-5ae0-8503-fab10d25f97a,Meenakshi,1942,"Hindi, Film",Pankaj Mullick,Pandit Bhushan,Columbia Records/Saregama,0
5199efcb-ae1b-54e8-9fc6-98b32c19bdfd,Mehmaan (The Guest),1942,"Hindi, Film",Khemchand Prakash,"Deena Nath Madhok, Pandit Indra",Saregama,0
84184aa4-2cfe-5be3-b007-3a9b3e705174,Muqabla,1942,"Hindi, Film",Khan Mastana,A. Karim,Twin Records,0
3a26583d-3330-59d8-b7a9-a93c92c09c21,Nai Duniya,1942,"Hindi, Film",Naushad Ali,"Tanveer Naqvi, Rammurti Chaturvedi, A. Shah Azeez",Saregama,0
3ba73f50-dafc-5b80-b683-39c76df2f2fb,Nishani,1942,"Hindi, Film",Master Amarnath,Aziz Kashmiri,HMV Records,0
7572bdc7-515d-5721-b33e-843441c2b205,Raja Rani,1942,"Hindi, Film",Khan Mastana,Pandit Anand Kumar,Saregama/Twin Records,0
4fb7fedb-1544-5780-9201-c641e7ce3f19,Roti,1942,"Hindi, Film",Anil Biswas,"Safdar Aah, Wajahat Mirza, Behzad Lakhnavi, Arzoo Lakhnavi",Megaphone/Saregama,0
423cb14c-bcf5-5d17-b727-2e3566ed699f,Saugand (The Pledge),1942,"Hindi, Film",Rai Chand Boral,Pandit Natwar,New Theatre Records,0
1cca6d52-b5f0-50fb-a2fc-1d52054a37b6,Sharda,1942,"Hindi, Film",Naushad Ali,Deena Nath Madhok,Saregama,0
68a3e25f-ad1c-5aa0-9d7d-ffe784ce6487,Shobha,1942,"Hindi, Film",Vasant Desai,Pandit Indra,Saregama,0
2fcd92de-6ffb-5158-834f-3d22fa181a0a,Society,1942,"Hindi, Film",Rafiq Ghaznavi,Hasrat Lakhnavi,Saregama,0
d63455bc-0bd8-560c-b42a-ec9dcb8b14fa,Station Master,1942,"Hindi, Film",Naushad Ali,"Pyarelal Santoshi, B.R. Sharma, Rammurti Chaturvedi, Pandit Indra",Young India Records,0
9d1be496-dd2b-5de7-8209-75ceeacdf767,Tamanna,1942,"Hindi, Film",Krishna Chandra Dey,S.K. Kalla,Young India Records,0
274f996a-ed64-59a5-bd88-81c5ce7e6e07,Zamindar,1942,"Hindi, Film",Ghulam Haider,"Behzad Lakhnavi, Qamar Jalalabadi, Nazim Panipati, Deena Nath Madhok",Jien-O-Phone/Saregama/Columbia Records,0
2c4e84d3-c126-516d-95d0-2a0d1dff12df,Aabroo,1943,"Hindi, Film",Govind Ram,"Tanveer Naqvi, Rajjan, Swami Ramanand Saraswati, Hasrat Lakhnavi",Saregama,0
919f7396-ae4c-5bff-a3f2-2f7e06c49340,Adab Arz,1943,"Hindi, Film",Gyan Dutt,"Pandit Indra, Kailash Matwala, Rammurti Chaturvedi",Saregama,0
89406f22-c197-52ff-a99f-c76ed418dc0e,Age Kadam,1943,"Hindi, Film","Madhav Lal, Ramchandra Pal",Kailash Matwala,Saregama,0
00645519-1a86-5f47-82c0-7d11c6b02dda,Amanat,1943,"Hindi, Film",Neenu Majumdar,"Neelkanth Tiwari, Hazrat Aarzoo Lakhnavi",Saregama,0
571260a7-6e7b-5e82-9820-951eacaf2449,Andhera,1943,"Hindi, Film",Gyan Dutt,Pandit Indra,Saregama,0
d4becde1-39cc-524f-a0f7-ffd1f8da0ddb,Ankh Ki Sharm,1943,"Hindi, Film",Vasant Desai,Pandit Indra,Saregama,0
aa02698f-8fee-5012-b4b2-82c25646b0ec,Badalti Duniya,1943,"Hindi, Film","Haribhai Bhojak, K.C. Dey, Khan Mastana, Pandit Madhukar",Mohan Sinha,Saregama,0
3bd6ae02-b109-5b72-942c-0b9c2cab9db2,Bansari,1943,"Hindi, Film",Gyan Dutt,"Deena Nath Madhok, Pandit Indra",Saregama,0
a47cbbac-cbfd-5979-a144-da3203b94aca,Bhaichara (Brotherhood),1943,"Hindi, Film",Himanshu Dutta,"Uday Shankar Bhatt, Ishwar Chandra Kapoor, M.R. Kapoor, Kumar Vyas, Nazir Bedi",Saregama,0
17887af3-eeb1-55bd-9ce2-c074262b67fb,Bhakta Raj,1943,"Hindi, Film",C. Ramchandra,Deena Nath Madhok,Saregama,0
c8d38d26-221a-5876-af6d-9848f3ad767a,Chhed Chhad (Sweet Lie),1943,"Hindi, Film",Mushtaq Hussain,"Rajjan, Tanveer Naqvi",Saregama,0
215fcfc4-6209-5b5f-8420-fb14f9b0c126,Gauri,1943,"Hindi, Film",Khemchand Prakash,Kedar Sharma,Saregama,0
420bc90e-be76-55fa-96dc-b1e2572419c7,Hamari Baat,1943,"Hindi, Film",Anil Biswas,"Narendra Sharma, Wali Sahab",Saregama,0
3c429f1a-d53b-5dc1-8b0c-ce72ca742827,Hospital,1943,"Hindi, Film",Kamal Dasgupta,"Pandit Madhur, Pandit Bhushan",Megaphone Records,0
00c5fcf3-45be-5367-929a-e12e8e5ccd10,Hunterwali Ki Beti,1943,"Hindi, Film",Channalal Naik,"A. Karim, Mirza Ghalib",Young India Records,0
98f19f22-8992-5ce6-a496-88282658b4d3,Ishara,1943,"Hindi, Film",Khursheed Anwar,Deena Nath Madhok,Saregama,0
0e314f0d-2e42-5e94-b534-39af2bf6816e,Kanoon,1943,"Hindi, Film",Naushad Ali,Deena Nath Madhok,Columbia Records,3.0
a5d64195-87db-570c-8695-1c869b44de1c,Kasinath,1943,"Hindi, Film",Pankaj Mullick,Pandit Bhushan,Columbia/Hindustan Records,0
e6ec2f80-c873-5547-acef-4fcfb088dc59,Kismet,1943,"Hindi, Film",Anil Biswas,Kavi Pradeep,Saregama,4.9
f7ec0d01-0a25-5db3-ae37-6757f4615181,Kitna Dukh Bhulaya Tumne Pyari,1943,"Hindi, Non Film",Kamal Dasgupta,Faiyyaz Hashmi,Saregama,0
59b557dd-a552-50bf-92e4-ffde06289b91,Koshish,1943,"Hindi, Film",Bashir Dehlvi,,Columbia Records,0
cfaa7eb7-efeb-5030-af22-787ba40e7619,Kurbani,1943,"Hindi, Film",Khemchand Prakash,Wali Sahab,HMV Records,0
eac4849f-7bba-5aa2-8dd4-2e2f35a931f2,Ladai Ke Bad,1943,"Hindi, Film",Dadasaheb Chandekar,Wali Sahab,Saregama,0
ecd5f8e7-bce6-5f2a-8c18-80428ff2bca8,Man Chali,1943,"Hindi, Film",G.A. Chishti,"G.A. Chishti, J.S. Kashyap",Saregama,0
844e82eb-3a60-5cbe-8491-6e65a401b90c,Mera Khwab (My Dream),1943,"Hindi, Film",Ghulam Mohammed,M.E. Ashq,Saregama,0
05933e0b-7b07-5be5-92b7-b8241ead6715,Mohabbat,1943,"Hindi, Film",Hari Prasanna Das,"Meera Bai, Akhtar Shirani",Saregama,0
e8431614-d9ae-539a-a1af-6a51d947025c,Mohabbat Ki Jeet,1943,"Hindi, Film",Vasant Kumar Naidu,Ehsan Rizvi,Columbia Records/Saregama,0
d3c9fec1-e904-5738-bc56-59348c13bb44,Muskurahat,1943,"Hindi, Film",C. Ramchandra,Ishwar Chandra Kapoor,Saregama,0
7fbb581a-3821-5941-b748-ad98accc43e2,Nadan,1943,"Hindi, Film",Datta Korgaonkar,"Tanveer Naqvi, Zia Sarhadi",Jien-O-Phone Records,0
964e951a-cd26-579f-8c60-9701a6b980dc,Nagad Narayan,1943,"Hindi, Film",Shridhar Parsekar,"Kavi Bekal, Munshi Dil, Kavi Shamim",Columbia Records,0
ebc0c2e5-d04d-51db-aa6c-26a7c3b6bbaa,Nai Kahani,1943,"Hindi, Film",Shyam Sundar,Wali Sahab,Saregama,0
4dca542d-91a2-5199-9b41-87e8b71e2ff5,Nai Zindagi (Gharonda),1943,"Hindi, Film",Vasant Kumar Naidu,Hazrat Aarzoo Lakhnavi,Megaphone/Saregama,0
5ea467ff-55b4-5035-b666-12803bf64f88,Najma,1943,"Hindi, Film",Rafiq Ghaznavi,"Anjum Pilibhiti, Arzoo Lakhnavi",Saregama,0
277bbd79-c210-55bb-a164-972335d0877a,Namaste,1943,"Hindi, Film",Naushad Ali,Deena Nath Madhok,Columbia Records/Saregama,0
ce369a9c-53a2-58d4-a9c4-c9b9eca215f4,Naukar,1943,"Hindi, Film","Rafiq Ghaznavi, Shanti Kumar","Shams Lakhnavi, Nazim Panipati, Akhtar Shirani, Bahadur Shah Zafar",Jien-O-Phone/Columbia Records,0
5a61b808-d1b3-563b-beb1-6b997ea45aa1,Naya Tarana,1943,"Hindi, Film",Amir Ali - I,"Ali Sardar Jafri, Wali Sahab",Columbia Records,0
24c79165-10d0-5755-925b-5f1186884c79,Nurse,1943,"Hindi, Film",Gyan Dutt,Deena Nath Madhok,Saregama,0
66c17a31-0d0d-50fd-b64e-67848a45ff2e,Pagli,1943,"Hindi, Film","Rasheed Attre, Govind Ram, Jhande Khan, Amir Ali - I","Arzoo Lakhnavi, Melaram Wafa, Qamar Jalalabadi",Jien-O-Phone/Columbia Records,0
ac69e36a-aa3b-5fa1-8478-6fad75851a3a,Paigham,1943,"Hindi, Film","Gyan Dutt, Bulo C. Rani","Pandit Indra, Safdar Aah, Baalam Pardesi",Saregama,0
76d6c2cf-0d00-5dd8-948a-c78c1790eeb8,Panghat,1943,"Hindi, Film",Shri Nath Tripathi,"Ramesh Gupta, Pandit Indra",Saregama,0
743ac075-1b8f-5a5e-b16f-e2e67e3fac70,Papi,1943,"Hindi, Film",Pandit Amarnath,Aziz Kashmiri,Saregama,0
770f71ec-38bf-5830-8afb-55e732816abd,Poonji,1943,"Hindi, Film",Ghulam Haider,"Deena Nath Madhok, Shaukat Thanvi, Behzad Lakhnavi",Jien-O-Phone/Columbia Records,0
00f42ad4-f595-5b5a-b30a-73ea5bf23cde,Prarthana,1943,"Hindi, Film",Saraswati Devi,Safdar Aah,Saregama,4.0
6415bd43-1ce6-55a5-8a5c-8183489a7067,Prem Sangeet,1943,"Hindi, Film",S.K. Pal,Bharat Vyas,Saregama,0
1b6c97a6-9d3a-5514-831a-2994b174db38,Prithvi Vallabh,1943,"Hindi, Film","Rafiq Ghaznavi, Saraswati Devi",Pandit Sudarshan,Columbia Records/Saregama,0
d48baa9c-326c-54d3-898a-c65d4e9774ae,Rahgeer,1943,"Hindi, Film",Hafiz Khan Mastana,Shewan Rizvi,Columbia Records,0
0d296405-9d84-54af-8d11-78e013bc4a49,Raja,1943,"Hindi, Film",Khan Mastana,"Amritlal Nagar, Bhagwati Charan Sharma, Rammurti Chaturvedi",Saregama,0
ab66258d-38dd-56c9-ba2f-94d173ad2398,Ram Rajya,1943,"Hindi, Film",Shankar Rao Vyas,Ramesh Gupta,Saregama,0
9961afb2-4ef3-5e3f-8d63-cd9855c5d3ac,Ranee,1943,"Hindi, Film",Kamal Dasgupta,Pandit Madhur,Saregama,0
5ad6589e-d661-5f57-8521-e3374dcf4c6b,Rekha,1943,"Hindi, Film",Damodar Sharma,J.C. Solanki,Saregama,0
6d493b06-4dff-5bd9-a885-4922c39bd629,Sahara,1943,"Hindi, Film",Govind Ram,"Qamar Jalalabadi, M.S. Sehrai, Nazim Panipati, Swami Ramanand Saraswati",Saregama,0
7bf84bce-88ae-5bba-af2d-0e624d504d0c,Salma,1943,"Hindi, Film",Govind Ram,Hasrat Lakhnavi,Saregama,0
3d2c4640-ca61-5f0e-933e-2e1e4162a361,Sanjog,1943,"Hindi, Film",Naushad Ali,"Deena Nath Madhok, Professor Waqif, Arshad Gujarati",Columbia Records/Saregama,0
0e28ab69-a894-5ff7-be42-71d5ffd9b478,Sawaal,1943,"Hindi, Film",Pannalal Ghosh,Wali Sahab,Columbia Records,0
4350a237-7560-539a-a5ec-e2c6cf269ff4,Shahenshah Akbar,1943,"Hindi, Film",Jhande Khan,"Deewan Sharar, Jhande Khan, Pandit Indra, Arshad Gujarati",Columbia Records,0
27bd1494-b63a-578b-8685-d13b71a9e655,Shakuntala,1943,"Hindi, Film",Vasant Desai,"Deewan Sharar, Ratan Piya",Young India Records,0
d8d4c62d-2a53-5f0d-875e-703d3e33485c,Shankar Parvati,1943,"Hindi, Film",Gyan Dutt,Pandit Indra,Columbia Records,0
75114a29-e030-5980-aa63-cd0c130ff9b1,Shree Ramanuja,1943,"Hindi, Film",Anupam Ghatak,Narottam Vyas,Columbia Records,0
37682029-d6be-557b-b8fc-0a2bab112722,Talash,1943,"Hindi, Film",Khan Mastana,A. Karim,Columbia Records,0
4ff7954f-161d-544f-858e-d9c2aef961a9,Tansen,1943,"Hindi, Film",Khemchand Prakash,"Pandit Indra, Deena Nath Madhok",Hindustan Records/Saregama,4.0
473e26b1-a85b-51d7-8589-31d305c1ce98,Taqdeer,1943,"Hindi, Film",Rafiq Ghaznavi,"Anjum Pilibhiti, Agha Mahshar Shirazi, Mahir Ul Qadri",Jien-O-Phone/Columbia Records,0
a32eefe1-4456-5053-b02f-0d15570a3cfb,Vakil Saheb,1943,"Hindi, Film","Annasaheb Mainkar, Pandit Madhukar",Mohan Sinha,Saregama,0
f2e432ff-0c59-5568-84f7-080c44cc09fd,Vishkanya,1943,"Hindi, Film",Khemchand Prakash,Kedar Sharma,Saregama,0
ce9770f8-90bb-5ded-a504-110d34a83c82,Vishvas,1943,"Hindi, Film","Master Chhaila Lal, Firoz Nizami","Munshi Azam, Munshi Sham Jilani, Safdar Aah, A. Karim, Shams Lakhnavi, Pandit Indra",Saregama,0
e5d6ce6e-c199-505b-970b-453b74605c88,Wapas,1943,"Hindi, Film",Rai Chand Boral,"Pandit Bhushan, Munshi Zakir Hussain, Akhtar Chughtai",Columbia/New Theatre Records,3.0
7e2f5edd-066b-531e-b7c4-fa495542a089,Zaban,1943,"Hindi, Film",C. Ramchandra,"Saraswati Kumar Deepak, Deena Nath Madhok, Ratan Piya, Mahir Ul Qadri, Anjum Pilibhiti",Saregama,0
c6cf7cc7-eaf5-557b-86fe-f4df43483226,Aina,1944,"Hindi, Film","Gulshan Sufi, Fateh Ali Khan","Pandit Phani, Tanveer Naqvi",Saregama,0
c1ce6caa-6a81-587f-abde-b48a7a887d2b,Anban,1944,"Hindi, Film",Gyan Dutt,Pandit Madhur,Columbia Records,0
22dc6f25-a341-5368-a54b-bc8bdf743cae,Bahadur,1944,"Hindi, Film",Ram Chitalkar,Ehsan Rizvi,Twin Records,0
0a497e08-f30c-597c-8818-427186976c63,Bare Nawab Saheb,1944,"Hindi, Film",Bashir Dehlvi,Shams Lakhnavi,Columbia Records,0
0d357b72-d776-5ddb-b520-d9624add9dc4,Bari Baat,1944,"Hindi, Film",Firoz Nizami,"Roopbani, Swami Ramanand Saraswati, Saraswati Kumar Deepak",Saregama,0
59d8c17d-a3ca-53c2-93bb-d543bb6f4ad0,Bhagyalaxmi,1944,"Hindi, Film","G.M. Durrani, K.C. Dey",Saraswati Kumar Deepak,Saregama,0
3714d750-994f-5ea9-bebf-e34e57ec9f3d,Bhai,1944,"Hindi, Film","Ghulam Haider, Shyam Sundar",Shatir Ghaznavi,Saregama,0
5da8c32e-f378-575f-b9ef-117735246491,Bhanwra,1944,"Hindi, Film",Khemchand Prakash,"Swami Ramanand Saraswati, Kedar Sharma, Pandit Indra",Hindustan Records/Saregama,0
545f7b34-7e84-561e-a364-9cddc1ce8082,Bharthari,1944,"Hindi, Film",Khemchand Prakash,Pandit Indra,Columbia Records,0
ebee7c3d-04ec-5fdf-9251-35183fdbcffa,Caravan,1944,"Hindi, Film",Bulo C. Rani,"Pandit Indra, Munshi Aziz, Swami Ramanand Saraswati, Sharma",Columbia Records,0
6a361a9e-ed31-5de5-ac4f-3c13c7ad9240,Chal Chal Re Naujawan,1944,"Hindi, Film",Ghulam Haider,Kavi Pradeep,Saregama,0
2d40af3f-26d8-5b58-8adb-af40b27663c0,Chand,1944,"Hindi, Film",Husnlal - Bhagatram,Qamar Jalalabadi,Saregama,4.0
85f86de2-25d8-57bd-b177-e17bdc9cb599,Char Ankhen,1944,"Hindi, Film",Anil Biswas,Narendra Sharma,Saregama,0
94689ca8-c009-5d3a-b9e0-a00e8bcf668d,Daasi,1944,"Hindi, Film",Pandit Amarnath,"Deena Nath Madhok, Aziz Kashmiri, Nazim Panipati",Jien-O-Phone/Columbia Records,0
d5523ec5-8433-5367-b6b3-412a4c4817da,Dil Ki Baat (Romance),1944,"Hindi, Film",C. Ramchandra,"Rammurti Chaturvedi, Miss Vimal",Twin Records,0
33ac82b4-91c0-5cf7-b1ad-35be6aefbf03,Dost,1944,"Hindi, Film",Sajjad Hussain,Shams Lakhnavi,Jien-O-Phone/Columbia Records,0
45f237b5-4c4c-5499-96bf-d8b1ead0a672,Draupadi,1944,"Hindi, Film",Hanuman Prasad,Pandit Indra,Saregama,0
42af23df-f607-5676-9230-b684402e1876,Gaali,1944,"Hindi, Film","Hanuman Prasad, Sajjad Hussain","Deena Nath Madhok, Pandit Indra, Rammurti Chaturvedi, Hanuman Prasad, Sugunapiya",Columbia Records,0
6e959825-dbcc-5756-b65d-364015ccc4e0,Geet,1944,"Hindi, Film",Naushad Ali,Deena Nath Madhok,Columbia Records,0
50b3864f-bb8d-5201-a57c-50107ba07db5,Insaan,1944,"Hindi, Film",Gyan Dutt,Pandit Indra,Saregama,0
d3b943d4-dfae-544f-9f49-ef41870bf80c,Irada,1944,"Hindi, Film",Pandit Amarnath,Aziz Kashmiri,Columbia Records,0
32f6b049-33bf-5fca-baa0-13c6651bbf0d,Ismat (Asmat),1944,"Hindi, Film",Pandit Govardhan Prasad,"H.P. Sharma, Shams Lakhnavi",Saregama,0
fdf64b3a-d282-5276-8e15-c3b73c2e01c4,Jeevan,1944,"Hindi, Film",Naushad Ali,"Mahir Ul Qadri, Deena Nath Madhok",Saregama,0
edd0169b-82bb-54b7-b529-e3e348a30467,Jwar Bhata,1944,"Hindi, Film",Anil Biswas,Narendra Sharma,HMV Records,3.5
c781beab-459f-5302-8881-a27aa93fdc75,Kadambari,1944,"Hindi, Film",Hari Prasanna Das,Miss Kamal,HMV Records,0
5464d26e-aa9e-5033-9ef4-fd2c5d1a64a3,Kaliyan,1944,"Hindi, Film",G.A. Chishti,Kedar Sharma,Columbia Records,0
bafb183b-19ea-59f3-aa38-8a54175999c7,Kavita,1944,"Hindi, Film",Shankar Rao Vyas,Ramesh Gupta,Saregama,0
e5e46755-aed0-51f6-831d-6652dd4e5cbb,Lady Doctor,1944,"Hindi, Film",Anil Biswas,Wali Sahab,Saregama,0
f3e9b57a-e29d-5cc2-bf58-220b78616899,Lal Haveli,1944,"Hindi, Film",Mir Sahib,Shams Lakhnavi,Saregama,0
4624983c-0853-5b8e-94f8-f3ab8b35ae28,Lalkar,1944,"Hindi, Film",C. Ramchandra,Pandit Madhur,Saregama,0
40491898-6810-5a8c-be5f-af1ea9674602,Maa Baap,1944,"Hindi, Film",Allah Rakha,Roopbani,Columbia Records,0
41f72fc6-473d-5f0d-9bfa-459a2c51169c,Manorama,1944,"Hindi, Film",C. Ramchandra,Anjum Pilibhiti,Young India Records,0
9352ad74-b683-54f2-8020-60e047a02c4c,Maya Nagari (Mahasati Madalsa),1944,"Hindi, Film",Veer Singh,"Qabil, Balam - I",Regal Records,0
3da440a8-5b30-5328-a42a-be9d5a753a43,Meena,1944,"Hindi, Film",Hari Prasanna Das,Pandit Phani,Young India Records,0
aebb28f6-2b6e-5134-998f-26997a3347be,Meri Bahen (My Sister),1944,"Hindi, Film",Pankaj Mullick,Pandit Bhushan,New Theatre Records,0
c946b214-01cd-506f-a411-fe659e4b3851,Mujrim,1944,"Hindi, Film",Gyan Prakash Ghosh,"Rammurti Chaturvedi, Kailash Matwala",Columbia Records,0
7e88f9e0-cc6d-5506-a4e5-d3fde1548346,Mumtaz Mahal,1944,"Hindi, Film",Khemchand Prakash,"Wali Sahab, Hazrat Bedam Shah Warsi",Saregama,0
d1602999-1a60-50c9-a4a9-301d5df465dd,Mun Ki Jeet,1944,"Hindi, Film",S.K. Pal,"Bharat Vyas, Josh Malihabadi",Saregama,0
a27c73e2-acd5-5463-863b-440a2654d052,Pagli Duniya,1944,"Hindi, Film",Bulo C. Rani,"Pandit Indra, Swami Ramanand Saraswati, B.R. Sharma, Wali Sahab",Saregama,0
1accb08f-84f1-5cad-ac0b-f40a426c4dc3,Pahele Aap,1944,"Hindi, Film",Naushad Ali,Deena Nath Madhok,Columbia Records,0
7ece019b-97ff-555a-9e4f-109d194c9db5,Panchhi,1944,"Hindi, Film",Pandit Amarnath,"Akhtar Chughtai, Manohar Sehrai",Saregama,0
3c5f3df7-7996-53cc-9f9d-5863a986d774,Panna,1944,"Hindi, Film",Amir Ali - I,Wali Sahab,Saregama,0
f37d52c7-cfc2-58ae-9ac7-129cc60ce3de,Parakh,1944,"Hindi, Film","Khursheed Anwar, Saraswati Devi","Gafil Harnalvi, Pandit Sudarshan, Arzoo Lakhnavi",Saregama,0
037a927f-d382-5d64-9056-a81cc2503523,Parbat Pe Apna Dera,1944,"Hindi, Film",Vasant Desai,"Deewan Sharar, Nakhshab",Young India Records,0
5fe6ad06-9945-5c73-a92e-c520bd84bb71,Paristan,1944,"Hindi, Film",Neenu Majumdar,"Roopdas, Neenu Majumdar",Columbia Records,0
e7ebcf88-c8ee-5315-ad5e-674ee73e24a1,Police,1944,"Hindi, Film",Pannalal Ghosh,Ramesh Gupta,Columbia Records,0
153ba176-5c9c-584d-8beb-819b29c74871,Ramshastri,1944,"Hindi, Film",G. Damle,Qamar Jalalabadi,Columbia Records,0
5e29d7fd-1664-5759-acd0-f542722dd193,Rattan,1944,"Hindi, Film",Naushad Ali,Deena Nath Madhok,Saregama,5.0
7798c484-dc9d-5b4b-9ebd-f95f76c5cafd,Raunaq,1944,"Hindi, Film",C. Ramchandra,Ishwar Chandra Kapoor,Columbia Records/Saregama,0
c8a393ef-0901-5829-b5cf-5f91ed65c200,Shahenshah Babar,1944,"Hindi, Film",Khemchand Prakash,"Pandit Indra, Munshi Aziz, Shams Lakhnavi",Saregama,0
abce0786-348b-58a4-affd-17064eed9639,Shararat,1944,"Hindi, Film","S.N. Tripathi, Khan Mastana","Ambikesh Kuntal, Rammurti Chaturvedi, Girish - IV, A. Karim",Saregama,0
71f39524-5903-5bee-b996-01890be91bcc,Shukriya,1944,"Hindi, Film",G.A. Chishti,"G.A. Chishti, Shanti Swaroop Madhukar",Saregama,0
d0025f48-daeb-542d-a920-3d7a2ae62923,Subha Sham,1944,"Hindi, Film",Subal Dasgupta,"Faiyyaz Hashmi, Munir Lakhnavi",Saregama,0
f87d6a6d-fabd-524e-828e-60041fea42ce,Suleh (Sandhi),1944,"Hindi, Film",Anil Bagchi,Narottam Vyas,Columbia Records,0
4250552e-d144-5285-b6ea-9504b1a74c30,Us Paar,1944,"Hindi, Film",Firoz Nizami,"Pandit Madhur, Anjum Pilibhiti, Azm Wazidpuri",Columbia Records,0
