song_uuid,album_uuid,track_number,song_title,song_singers,song_rating,youtube_url,music_yt_url_1,music_yt_url_2,music_yt_url_3
4423071c-03ea-51d8-9d24-87aa963c88bd,475d351d-9dd7-5043-8ba0-df61d262ee26,2,Haan Maine Chhoo Kar Dekha Hai,Gayatri Iyer,4.5,http://www.youtube.com/watch?v=YN2CGXw08dk,https://music.youtube.com/watch?v=kxP930TX_Aw,https://music.youtube.com/watch?v=YN2CGXw08dk,https://music.youtube.com/watch?v=b58BrXtg_To
92f8f89f-bedf-5c2c-bc86-23945277b5dc,ba947569-da79-59fe-bb5b-4837109d59a7,6,Kajraare Kajraare Tere Kaare Kaare Naina,"Alisha Chinai, Shankar Mahadevan, Javed Ali",4.75,http://www.youtube.com/watch?v=DovUEruZ2q4&feature=plcp,https://music.youtube.com/watch?v=4dsFQFCvVGU,,
fa2e12a2-30f6-567e-b908-e994e43bf617,c08321de-78fc-570c-a921-9bd807a5e17d,5,Bavra Mann (Male),Swanand Kirkire,4.75,http://www.youtube.com/watch?v=yRvEVVO4LFs&feature=plcp,https://music.youtube.com/watch?v=qzdiFlT9vAs,https://music.youtube.com/watch?v=QNB4ah9r79M,https://music.youtube.com/watch?v=75HtUkww2aE
019a1e92-2e5d-5ca1-a2bf-a738208f4c49,c08321de-78fc-570c-a921-9bd807a5e17d,8,Bavra Mann (Female),Shubha Mudgal,5.0,https://www.youtube.com/watch?v=54_1VzgPC50,https://music.youtube.com/watch?v=54_1VzgPC50,https://music.youtube.com/watch?v=iQ56ImSuJOQ,https://music.youtube.com/watch?v=TJgCn9bFLow
8dfaf808-8468-5740-8f0f-a4641524280b,57536d5d-6755-5c14-a190-763b4f439770,6,Chand Ki Roshni,KK,4.33,http://www.youtube.com/watch?v=7lqsXUmrjmc,https://music.youtube.com/watch?v=Jw4sQNFZG9w,https://music.youtube.com/watch?v=Bz9gQFB9jCw,https://music.youtube.com/watch?v=3rXm-G7uQF4
3b3232fd-f01c-5751-8114-c69b719f2df0,f2fcdc2d-0f22-5f6d-812e-3627ade62a9a,1,Jiya Dhadak Dhadak Jaye,Rahat Fateh Ali Khan,4.5,https://www.youtube.com/watch?v=iasxMdSu7Jo,https://music.youtube.com/watch?v=iasxMdSu7Jo,https://music.youtube.com/watch?v=S3eDzdyr23Q,https://music.youtube.com/watch?v=cTGwWx5bKGI
8cbe66ec-5958-570f-8de3-383377c2906f,f2fcdc2d-0f22-5f6d-812e-3627ade62a9a,2,Aadat - I,Atif Aslam,4.67,https://www.youtube.com/watch?v=e5LShHAE03A,https://music.youtube.com/watch?v=QGNcfBhGFdc,https://music.youtube.com/watch?v=eK5gPcFjQps,https://music.youtube.com/watch?v=AKUk1v3rBvc
0d229588-803b-5501-a269-ec0ea55a33c1,f2fcdc2d-0f22-5f6d-812e-3627ade62a9a,6,Tujhe Dekh Dekh,Rahat Fateh Ali Khan,4.75,https://www.youtube.com/watch?v=rNOk3Rd3aDA,https://music.youtube.com/watch?v=a6aarzS3tGA,,
c071e0aa-27f2-5f9d-98ec-96444137697f,0f791af4-f49d-5a59-81d6-fba656502571,5,Guncha,Mohit Chauhan,4.5,https://www.youtube.com/watch?v=DBn97hlqIOY,https://music.youtube.com/watch?v=4WRP2G-Azb0,https://music.youtube.com/watch?v=4WcMSSRI4Tw,https://music.youtube.com/watch?v=ymWdHvmec6g
6d9f5c30-8cda-5f6f-b0e2-40e792ee8972,a9dfb8be-0d85-57f3-ab34-8fa3fb6613ab,1,Dheere Jalna,"Sonu Nigam, Shreya Ghoshal",4.5,http://www.youtube.com/watch?v=LqMhqSwi7Fw&feature=plcp,https://music.youtube.com/watch?v=LqMhqSwi7Fw,https://music.youtube.com/watch?v=ekgnNMwne2w,https://music.youtube.com/watch?v=vpTqUne_g6E
a831e578-09cb-5779-9cfb-14f6a63dc6ce,e17176f1-d81d-5197-be6e-eae112d2c065,1,Piyu Bole,"Shreya Ghoshal, Sonu Nigam",4.75,https://www.youtube.com/watch?v=ZAkr0KFFLLs,https://music.youtube.com/watch?v=rvnyVvSRAxs,https://music.youtube.com/watch?v=JZ0zD23Wq9E,https://music.youtube.com/watch?v=WAnDWn4R1pk
e1d32568-69da-5272-b7ce-fd588fdbe785,e17176f1-d81d-5197-be6e-eae112d2c065,3,Soona Mann Ka Aangan,"Shreya Ghoshal, Sonu Nigam",4.5,https://www.youtube.com/watch?v=eTnrzEuVz-0,https://music.youtube.com/watch?v=H-UeNnrQBF4,https://music.youtube.com/watch?v=eTnrzEuVz-0,https://music.youtube.com/watch?v=McjR2Z3yq6M
860add9a-e338-5bc9-a04c-342c979727b5,e17176f1-d81d-5197-be6e-eae112d2c065,4,Kaisi Paheli Zindagani,Sunidhi Chauhan,4.67,https://www.youtube.com/watch?v=-6Y8hMyEoV8,https://music.youtube.com/watch?v=-6Y8hMyEoV8,https://music.youtube.com/watch?v=1mrjO6ash_Q,
9a9fb1a4-b5ba-594b-a9e3-28629cec691a,84da7197-47a7-5662-a90a-9152351aed0d,3,Naina Neer Baha,Sadhna Sargam,4.67,https://www.youtube.com/watch?v=mV3C75QC8ds,https://music.youtube.com/watch?v=mV3C75QC8ds,https://music.youtube.com/watch?v=zT8XelLXn_8,https://music.youtube.com/watch?v=M_zxXc511Ss
7e79dab4-04d2-503a-943b-3744aed5ec03,45b38cd2-c2a1-5335-b01b-5c920573b83b,2,Woh Lamhe Woh Baatein,Atif Aslam,4.5,https://www.youtube.com/watch?v=Sut_KOIbwn0,https://music.youtube.com/watch?v=FLKxnL7KwHw,https://music.youtube.com/watch?v=xgZJs6KnBTQ,https://music.youtube.com/watch?v=xLXimDmYhnI
074fba36-ced9-5dbf-b8aa-27be9518a30f,49461675-2522-5c9e-8610-2b96c89a7f9c,1,Maula Mere Maula (Aankhen Teri),Roop Kumar Rathod,4.5,https://www.youtube.com/watch?v=boRd0WoCemI,https://music.youtube.com/watch?v=fxfezWYW39M,https://music.youtube.com/watch?v=9VvWddZVW48,https://music.youtube.com/watch?v=73NAG-tigAQ
df440d65-08f7-5966-b71b-80636106f2a1,a828fbca-ee93-5c85-a526-dfe607321b62,5,Aaj Ki Raat,"Alisha Chinai, Mahalakshmi Iyer, Sonu Nigam",4.5,http://www.youtube.com/watch?v=OXOj4bUuzSg&feature=plcp,https://music.youtube.com/watch?v=OXOj4bUuzSg,https://music.youtube.com/watch?v=YW25SKnlEi0,https://music.youtube.com/watch?v=dHe6KAIg-H4
05116731-7bfd-55f5-a302-39ba3b7b08df,70c2f1c5-2c78-5bd8-87e7-5d3c420cec80,1,Yeh Hausla Kaise Jhuke,"Shafqat Amanat Ali, Salim Merchant",4.67,https://www.youtube.com/watch?v=Hye8yunxwIc,https://music.youtube.com/watch?v=eWMrEIBzH7E,,
4e414465-3e32-55c8-88fa-ce7a8b35eeeb,91e4723e-1b97-53e0-895d-30b6b628b39c,2,Bheegi Bheegi Si Hain Raaten,James,4.5,https://www.youtube.com/watch?v=WeY9hdsmIaQ,https://music.youtube.com/watch?v=r3K6i3UspKY,,
b17b3782-d67f-5905-91c1-d5366dee4491,213bf8de-a802-5724-99a4-6526925982e4,1,Kabhi Alvida Naa Kehna,"Sonu Nigam, Alka Yagnik",4.6,https://www.youtube.com/watch?v=O8fIwHfZz2E,https://music.youtube.com/watch?v=v9D54dHDiMs,https://music.youtube.com/watch?v=nmTp_esz_Q8,https://music.youtube.com/watch?v=poh5_x_3sr8
c1eba095-9b0e-5631-a2a8-e6180307ea2b,213bf8de-a802-5724-99a4-6526925982e4,2,Mitwa,"Shafqat Amanat Ali, Shankar Mahadevan, Caralisa Monteiro",4.8,https://www.youtube.com/watch?v=ru_5PA8cwkE,https://music.youtube.com/watch?v=Suv5QfWKaaw,https://music.youtube.com/watch?v=aXj01m_30_Y,
0397b26d-cfeb-5d3d-8804-2f4cac2520d3,213bf8de-a802-5724-99a4-6526925982e4,3,Where's The Party Tonight,"Shaan, Vasundhara Das, Loy Mendonsa, Shankar Mahadevan",4.33,https://www.youtube.com/watch?v=ifT-NS_E7EY,https://music.youtube.com/watch?v=Bv_amZwKd44,https://music.youtube.com/watch?v=t17_SwLawG4,https://music.youtube.com/watch?v=njwnB5f53JU
06eea0e9-f533-5925-9b65-3048da0db9ee,213bf8de-a802-5724-99a4-6526925982e4,4,Tumhi Dekho Naa,"Sonu Nigam, Alka Yagnik",4.75,https://www.youtube.com/watch?v=DULDIS2qlCU,https://music.youtube.com/watch?v=Fg4CANalLNE,https://music.youtube.com/watch?v=H5oCEtxjH_o,https://music.youtube.com/watch?v=jVLHuRqtRX0
2cf918d6-6292-5cad-9481-3ee8b6a04435,9a5239ba-e832-5a7d-a128-8f0b0c970e1f,1,Teri Deewani,Kailash Kher,4.5,https://www.youtube.com/watch?v=SbN6P-UQjcs,https://music.youtube.com/watch?v=UIMSmQPjg84,https://music.youtube.com/watch?v=-aLvfdCkreQ,https://music.youtube.com/watch?v=bw3Z07JjcY0
89946513-b07d-5f05-b9f1-4b75fb148e44,aeb4d58e-d0f3-5846-9fbb-74f1da0d5af8,3,Beedi Jalaile Jigar Se Piya,"Sunidhi Chauhan, Sukhwinder Singh, Nachiketa Chakraborty, Clinton Cerejo",4.67,http://www.youtube.com/watch?v=eSGlaSWqQYo,https://music.youtube.com/watch?v=uUPBMV3DAck,https://music.youtube.com/watch?v=WeCkQHrGDFo,https://music.youtube.com/watch?v=XLJCtZK0x5M
22c4d8e9-2eca-5244-a4a6-1e6134adec11,aeb4d58e-d0f3-5846-9fbb-74f1da0d5af8,5,Jabaan Pe Laaga Laaga Re Namak Isk Ka,"Rekha Bhardwaj, Rakesh Pandit",4.33,http://www.youtube.com/watch?v=5WB8ujhAK7c,https://music.youtube.com/watch?v=5WB8ujhAK7c,https://music.youtube.com/watch?v=oLPxEjBypqU,
63f038f2-6791-5697-9fd7-8d03203ecb7c,aeb4d58e-d0f3-5846-9fbb-74f1da0d5af8,6,Naina Thag Lenge,Rahat Fateh Ali Khan,4.33,https://www.youtube.com/watch?v=Mp2CEfs-5G4,https://music.youtube.com/watch?v=MQs9RzsrHKk,https://music.youtube.com/watch?v=wZkWLgEsKRs,https://music.youtube.com/watch?v=A8jvXpQ8wWY
822c2d71-89e1-550f-8e57-abbf42c5a5cd,11118241-d2a6-52d2-8d93-2869a4184bc3,3,Paathshala,"Naresh Iyer, Mohammed Aslam - I",4.33,https://www.youtube.com/watch?v=2tng8uWHZFQ,https://music.youtube.com/watch?v=hbxsglj9nCk,https://music.youtube.com/watch?v=AkHu6aKLFLM,https://music.youtube.com/watch?v=9Uf5bP2x4-A
9b1cdabe-9d79-53b0-9cf5-5aad199d087c,11118241-d2a6-52d2-8d93-2869a4184bc3,4,Tu Bin Bataye,"Madhushree, Naresh Iyer",4.57,https://www.youtube.com/watch?v=UqblLzBwlns,https://music.youtube.com/watch?v=UqblLzBwlns,https://music.youtube.com/watch?v=ZqXoSU5_bNc,https://music.youtube.com/watch?v=jI7FFN4wW5E
66b5ba2f-6e69-5fc2-9aa1-b9defcfa11ef,11118241-d2a6-52d2-8d93-2869a4184bc3,8,Lukka Chhuppi,"Lata Mangeshkar, A.R. Rahman",4.5,https://www.youtube.com/watch?v=FFpgYjL2aJo,https://music.youtube.com/watch?v=WjjKlwt0UNk,https://music.youtube.com/watch?v=D9zidy7SxPE,https://music.youtube.com/watch?v=FFpgYjL2aJo
1341f567-ce32-5e14-b5aa-a5e88dceb316,11118241-d2a6-52d2-8d93-2869a4184bc3,10,Roobaroo,"A.R. Rahman, Naresh Iyer",4.67,https://www.youtube.com/watch?v=8kMv5ssr6Dw,https://music.youtube.com/watch?v=8kMv5ssr6Dw,https://music.youtube.com/watch?v=DSMneXn238o,https://music.youtube.com/watch?v=iO6yapsJn3U
d26b0b9a-d900-5921-980a-50abe247c4b0,cb63486b-5d08-5595-8a75-0ad9fbb9a76f,1,Aaja Nachle,Sunidhi Chauhan,4.33,http://www.youtube.com/watch?v=q42IpVY_kNY&feature=plcp,https://music.youtube.com/watch?v=waCexeCPGlw,https://music.youtube.com/watch?v=MP4F0ZcW_G0,https://music.youtube.com/watch?v=Q0RkPxC1XHg
21d9ab18-b6f6-57d8-a3f8-ec4fad6050a9,cb63486b-5d08-5595-8a75-0ad9fbb9a76f,2,Ishq Hua,"Sonu Nigam, Shreya Ghoshal",4.5,http://www.youtube.com/watch?v=Vl8zpQZ5Jc8&feature=plcp,https://music.youtube.com/watch?v=CgQn3gsrIRc,https://music.youtube.com/watch?v=-KTXtRHYf70,https://music.youtube.com/watch?v=NGm4__LtrLc
0c91a8e6-f0b3-5f95-9150-bf00f9575eb7,cb63486b-5d08-5595-8a75-0ad9fbb9a76f,4,O Re Piya,Rahat Fateh Ali Khan,4.5,https://www.youtube.com/watch?v=WgKox1wWiiw,https://music.youtube.com/watch?v=yyYpmJx8zuU,https://music.youtube.com/watch?v=xDKtoPtRGA8,https://music.youtube.com/watch?v=YCwghsdOyks
5b6fa32a-efc8-59c1-91c0-1ba24c49390d,75042230-2ba8-5560-873d-0d5d459814ed,2,Labon Ko Labon Pe Sajao,KK,4.5,http://www.youtube.com/watch?v=XG8XskoJz1I&feature=plcp,https://music.youtube.com/watch?v=-FP2Cmc7zj4,https://music.youtube.com/watch?v=12pMB_mCBOo,https://music.youtube.com/watch?v=0OGguI0uDfE
18b8d9b8-9308-53e7-80e1-21c0fc36956d,75042230-2ba8-5560-873d-0d5d459814ed,7,Mere Dholna Sun Mere Pyar Ki Dhun,"Shreya Ghoshal, M.G. Sreekumar",4.4,http://www.youtube.com/watch?v=BYJmcXkI8a4&feature=plcp,https://music.youtube.com/watch?v=lL0ULDPCqIA,https://music.youtube.com/watch?v=n_ABgnlFIcI,
47041356-6911-5c10-9893-8ccd3d1f3bc0,8c07b0b7-3338-579e-8949-277fb61edbc8,1,Arey Ruk Ja Re Bandeh,Indian Ocean,4.5,https://www.youtube.com/watch?v=YFmmNrSsJGc,https://music.youtube.com/watch?v=ZxEWftSZHgA,https://music.youtube.com/watch?v=-TgOCrnbmyU,
ab99009d-4740-5682-8df7-1fa72d51042c,0409526c-fc6f-5ce9-ac55-5a194b030bb5,5,Maula Mere Le Le Meri Jaan,"Krishna Beura, Salim Merchant",4.67,https://www.youtube.com/watch?v=BGlZHqGDPF8,https://music.youtube.com/watch?v=90hNT7UYlZA,https://music.youtube.com/watch?v=gBWSRhrgNm4,https://music.youtube.com/watch?v=i_FmOdPF96E
72efea2c-dca0-5124-a154-7afaaa73ccf1,93f2651c-f5c6-5fb0-af7d-667bf4d4eb53,2,Kitni Der Tak,Sonu Nigam,4.5,https://www.youtube.com/watch?v=J9guWrkTaik,https://music.youtube.com/watch?v=ip7ZzinQA08,https://music.youtube.com/watch?v=LpQUV_ueZeY,
a98ef3aa-b988-57d5-b366-ee337c4fd235,77dd48c0-4c03-5a32-855c-0a052a79d62f,1,Chanda Re (The Moon Song),Hamsika Iyer,4.5,https://www.youtube.com/watch?v=WfVpzRnsDZw,https://music.youtube.com/watch?v=1kSzausJY-8,https://music.youtube.com/watch?v=WfVpzRnsDZw,https://music.youtube.com/watch?v=eqQobOpJ1go
af034308-3b5c-5e21-b0c5-e7f64a2283c5,555d95c0-e556-5d07-87c7-2105a4f7f4b8,2,Tere Bina,"A.R. Rahman, Chinmayi, Murtuza Khan, Qadir Khan",4.5,https://www.youtube.com/watch?v=9JDSGhhiOwI,https://music.youtube.com/watch?v=Fi3GovijpWA,https://music.youtube.com/watch?v=_mwqXnTEHSc,https://music.youtube.com/watch?v=G8GTk8LuiNY
c20e5d91-f2e8-5e38-8f73-e21da8b5ecb3,555d95c0-e556-5d07-87c7-2105a4f7f4b8,5,Ae Hairat-E-Aashiqi,"Hariharan, Alka Yagnik",4.67,https://www.youtube.com/watch?v=038jmlSH3iM,,,
3e683e98-f05a-58be-858f-5b6e374fe111,555d95c0-e556-5d07-87c7-2105a4f7f4b8,7,Jaage Hain Der Tak,"K.S. Chitra, A.R. Rahman, Madras Chorale Group",4.5,https://www.youtube.com/watch?v=r8vZ3I4b9XU,https://music.youtube.com/watch?v=r8vZ3I4b9XU,https://music.youtube.com/watch?v=QMxDdTw43B4,https://music.youtube.com/watch?v=DSu3yDj5mco
f0622e1c-8a7a-5393-8aa3-c194852a465d,54768d5d-07f5-507d-9839-854547da8229,2,Tum Se Hi,Mohit Chauhan,4.75,http://www.youtube.com/watch?v=mt9xg0mmt28&feature=plcp,https://music.youtube.com/watch?v=TSHYWkUQlwI,https://music.youtube.com/watch?v=55HzptaZbfk,
9cd11573-c009-5ab5-9150-7aa138bd46c2,54768d5d-07f5-507d-9839-854547da8229,6,Aaoge Jab Tum O Saajna,Ustad Rashid Khan,4.67,http://www.youtube.com/watch?v=WPwTPhFMm3k&feature=plcp,https://music.youtube.com/watch?v=JlGdhAuNyUc,https://music.youtube.com/watch?v=Pn4DpzggKr4,https://music.youtube.com/watch?v=rF6KhpQx0qo
d0152d28-875e-5e4d-ae3e-65be580c27df,7d625143-d926-5133-9c9c-399a455e3017,4,Bol Na Halke Halke,"Rahat Fateh Ali Khan, Mahalakshmi Iyer",4.6,http://www.youtube.com/watch?v=fvrxBiBScIk&feature=plcp,https://music.youtube.com/watch?v=jXwg9l9D51A,https://music.youtube.com/watch?v=D49nMgP7Vzc,https://music.youtube.com/watch?v=1O42wWcwTnw
89ece0d2-bf77-5a6b-bc4e-29007fb82fd3,5ba22580-555d-5c63-aa04-74b41e213023,2,Saiyyan,Kailash Kher,5.0,https://www.youtube.com/watch?v=TuUVVKVdZm4,https://music.youtube.com/watch?v=QfNYdFk0KFg,https://music.youtube.com/watch?v=pq0c3ECYv3g,
509c1753-06c7-58ef-b1ee-e8f29d68dfb0,5ba22580-555d-5c63-aa04-74b41e213023,5,Tere Naina,Kailash Kher,4.5,https://www.youtube.com/watch?v=owv3DV53Ri4,https://music.youtube.com/watch?v=cMxQSipq1Hk,https://music.youtube.com/watch?v=MK1sG-3Oomo,https://music.youtube.com/watch?v=3R-q79a7n98
2d077491-d8fc-584d-a792-70993031fb20,892a865b-d676-59f0-bca4-aea27a52c078,2,Gudgudee Kar Gayi,Sunidhi Chauhan,4.67,http://www.youtube.com/watch?v=zEfNnFYavB8,https://music.youtube.com/watch?v=zEfNnFYavB8,https://music.youtube.com/watch?v=GG2rXoGhZS0,https://music.youtube.com/watch?v=CY6K-CWCEs4
398a4ca8-73ee-54df-a302-cf7ffb88ba0f,c2e902f6-70ba-5ad4-9e99-439eccc269a1,4,Ik Teekhi Teekhi Si Ladki,"Shreya Ghoshal, KK",4.5,http://www.youtube.com/watch?v=Ts0i_zD3HzQ,https://music.youtube.com/watch?v=0fpzXYyrS3Q,https://music.youtube.com/watch?v=Ts0i_zD3HzQ,https://music.youtube.com/watch?v=u6CTlIdGF8A
157ea6af-6ad5-564a-b59b-75265320c78b,7150784f-aa45-5828-83e9-cb52e334dfb2,1,In Dino,Soham Chakraborty,4.75,https://www.youtube.com/watch?v=1vZxq-OpVXU,https://music.youtube.com/watch?v=tYHrT837H0M,https://music.youtube.com/watch?v=dXFVOkq41us,
73fc3d44-7238-5479-b6be-5b74050e9ffd,7150784f-aa45-5828-83e9-cb52e334dfb2,2,Alvida,KK,4.5,https://www.youtube.com/watch?v=hM9QDpLHhdw,https://music.youtube.com/watch?v=g3wCsN5BsaU,https://music.youtube.com/watch?v=lDbsuTEQ2MM,
1dbc5a52-18b0-5278-8e64-d39c0f4920fa,7150784f-aa45-5828-83e9-cb52e334dfb2,3,O Meri Jaan,KK,4.75,https://www.youtube.com/watch?v=rXVot29Ez6Y,https://music.youtube.com/watch?v=DZz53iaVvbs,https://music.youtube.com/watch?v=eZFxETe-Je0,https://music.youtube.com/watch?v=eB-aGmIUAP8
0abb9746-e380-5869-ad76-fa21ca57e549,7150784f-aa45-5828-83e9-cb52e334dfb2,5,Baatein Kuch Ankahee Si (Unplugged),Suhail Kaul,4.75,https://www.youtube.com/watch?v=KGQxaBSdw9Y,https://music.youtube.com/watch?v=0OkwkWHH2Bg,https://music.youtube.com/watch?v=ZnKoRzZRzGw,https://music.youtube.com/watch?v=KGQxaBSdw9Y
3f1ad53e-c9a8-5e83-b88e-c710fb727b92,7150784f-aa45-5828-83e9-cb52e334dfb2,8,Baatein Kuch Ankahee Si,Adnan Sami,4.5,https://www.youtube.com/watch?v=jJPZ2QSORoI,https://music.youtube.com/watch?v=jJPZ2QSORoI,https://music.youtube.com/watch?v=9zk5Lu2n4o4,https://music.youtube.com/watch?v=yFPOTgmpQr8
9d70d966-5e4a-57b2-851f-7da947c545cf,7150784f-aa45-5828-83e9-cb52e334dfb2,9,O Meri Jaan (Reprise),Suhail Kaul,4.5,https://www.youtube.com/watch?v=jZi8TI050ec,https://music.youtube.com/watch?v=gRL1GTOdr9U,https://music.youtube.com/watch?v=rXVot29Ez6Y,
0fdb80a2-f0c3-5853-826d-0c96a4ce447c,fb60fbca-fb50-5894-b240-2a654d8f213b,1,Aankhon Mein Teri Ajab Si Ajab Si Adayen Hain,KK,4.8,http://www.youtube.com/watch?v=2drIKUOCZxU,https://music.youtube.com/watch?v=7KKVb0_IdD4,https://music.youtube.com/watch?v=bdS6OoH1W2A,https://music.youtube.com/watch?v=fgDGvHVoZvs
6457ac29-2e18-5c5b-a8ea-233dfdd3ebe4,fb60fbca-fb50-5894-b240-2a654d8f213b,4,Main Agar Kahoon Tumsa Hasin,"Sonu Nigam, Shreya Ghoshal",4.4,http://www.youtube.com/watch?v=o-Gmhk90JOE,https://music.youtube.com/watch?v=8PEqEh1lnNE,https://music.youtube.com/watch?v=QmjxL1HrUaI,https://music.youtube.com/watch?v=R6KvmB3XI-E
32281b4d-3e22-5ca4-a4fe-fffd73eb227a,285a7677-80d8-5557-a7d5-31cb39e14a3a,6,Ya Rabba,Kailash Kher,5.0,http://www.youtube.com/watch?v=pMFl6R5OqT4&feature=plcp,https://music.youtube.com/watch?v=pMFl6R5OqT4,https://music.youtube.com/watch?v=Px9C5qR_4x4,https://music.youtube.com/watch?v=mR2Ddymicow
fdfaf454-f4e0-5772-95d3-7edd3905cb91,757ed8bb-f6c5-56a0-a3c0-311312ff0de8,1,Taare Zamin Par,"Shankar Mahadevan, Dominique Cerejo, Vivienne Pocha",4.75,https://www.youtube.com/watch?v=DSWMEuI-kLc,https://music.youtube.com/watch?v=kaMB6Rw8XzA,https://music.youtube.com/watch?v=U8_MuWSnkCg,https://music.youtube.com/watch?v=AqT8Gp4lctw
83a44904-b288-5572-8818-08128b339202,757ed8bb-f6c5-56a0-a3c0-311312ff0de8,5,Maa,Shankar Mahadevan,4.8,http://www.youtube.com/watch?v=pOK08cRwE6c&feature=plcp,https://music.youtube.com/watch?v=oL75W3ubBgQ,https://music.youtube.com/watch?v=3MSHFoAe2nQ,https://music.youtube.com/watch?v=r7RCB3LzFgQ
cd94a147-1155-523c-af02-eb0dcfbd23a0,fa67138f-125a-584c-9b52-ad33027bca00,5,Ek Lau,"Shilpa Rao, Amitabh Bhattacharya",4.5,https://www.youtube.com/watch?v=NDFaqnuKcXY,https://music.youtube.com/watch?v=NDFaqnuKcXY,https://music.youtube.com/watch?v=knUu6ZSDV4I,https://music.youtube.com/watch?v=SO7tSXKDW4c
9e33c451-6e5b-5896-9156-f45c408341c6,adea67ae-a179-5850-9b46-d691d39e54b4,1,Khuda Jaane,"Shilpa Rao, KK",4.67,http://www.youtube.com/watch?v=8Om8GqKTSp4&feature=plcp,https://music.youtube.com/watch?v=cmMiyZaSELo,https://music.youtube.com/watch?v=NuSwDRDxBLs,https://music.youtube.com/watch?v=aG7MaqtWxT8
09c5a9ee-1b8e-51cb-be9e-565901a9e521,adea67ae-a179-5850-9b46-d691d39e54b4,3,Aahista Aahista,"Lucky Ali, Shreya Ghoshal",4.67,https://www.youtube.com/watch?v=-m9IGI5EgyM,https://music.youtube.com/watch?v=-m9IGI5EgyM,https://music.youtube.com/watch?v=P0YdL4p7aWc,https://music.youtube.com/watch?v=k7KjZWGleFU
5ebdc1ed-d767-5171-a6ba-b18f76e2ac47,c045ab4d-6910-5ca7-b6f2-8572a16ab1d8,3,Kaise Mujhe Tu Mil Gayi,"Benny Dayal, Shreya Ghoshal",4.67,http://www.youtube.com/watch?v=ndtno2tBGbo&feature=plcp,https://music.youtube.com/watch?v=6NeVceQd6yI,https://music.youtube.com/watch?v=MdhjLM-99lQ,https://music.youtube.com/watch?v=fqdRn8a4Kmg
eb04f95e-a229-5d85-b4f5-a7d9f6aa625e,84959e88-a7b8-576a-a659-201f7d3b5cb8,1,Kabhi Kabhi Aditi Zindagi,Rashid Ali,5.0,http://www.youtube.com/watch?v=HIbzXaBdwZw&feature=plcp,https://music.youtube.com/watch?v=AX7t8ZwroHQ,https://music.youtube.com/watch?v=m-t8VSnThlo,https://music.youtube.com/watch?v=uaazhrh7SgU
bef92853-297a-58c1-86b1-fdc3d0b996cc,84959e88-a7b8-576a-a659-201f7d3b5cb8,4,Nazrein Milaana Nazrein Churaana,"Benny Dayal, Satish Chakravarthy, Sayonara Philips, Darshana, Svetha, Bhargavi, Anupama - I",4.5,http://www.youtube.com/watch?v=PFVwNbhVqkw&feature=plcp,https://music.youtube.com/watch?v=PFVwNbhVqkw,https://music.youtube.com/watch?v=022vasrl_JU,https://music.youtube.com/watch?v=IlAwPHGMTSM
e8eb1a69-d8a2-51a8-9599-bfc865a2f3bc,84959e88-a7b8-576a-a659-201f7d3b5cb8,5,Tu Bole Main Boloon,A.R. Rahman,4.5,http://www.youtube.com/watch?v=BrpDvQpRDmY&feature=plcp,https://music.youtube.com/watch?v=RzgezQh6900,https://music.youtube.com/watch?v=d3ow_Zfy400,https://music.youtube.com/watch?v=zYnpmolkOl8
5c35ffe5-a9a8-5e48-a0e8-47b8a0dac0aa,8b35c726-a89f-5889-b2e6-62e6cc950a71,3,Khwaja Mere Khwaja,A.R. Rahman,4.4,https://www.youtube.com/watch?v=sMICi5p7d-E,https://music.youtube.com/watch?v=4YbAaRFk70o,https://music.youtube.com/watch?v=Stept9f4-R4,https://music.youtube.com/watch?v=kG4uf0Vp2w4
3622feb8-133f-5c92-9845-0488e7554897,bb878ac2-b2cf-50c6-a3e9-feca62f7cc34,3,Pehli Nazar Mein,Atif Aslam,4.5,https://www.youtube.com/watch?v=JBCx0QyP8VQ,https://music.youtube.com/watch?v=6Z1j1y0V6ys,https://music.youtube.com/watch?v=xZBxwHYkHxs,https://music.youtube.com/watch?v=gfiBe5aw40k
80677566-84a8-5c35-bc57-8e0837bfeb36,594e3c3d-ea53-5186-bc94-70695659f233,1,Socha Hai,Farhan Akhtar,4.5,http://www.youtube.com/watch?v=F3O3akbY8UU&feature=plcp,https://music.youtube.com/watch?v=dnXGxMlV-rU,https://music.youtube.com/watch?v=NEtt_omY00k,https://music.youtube.com/watch?v=4iCnPk4ACpo
6bb9ff03-74bc-5133-a89c-19fa3c67de5c,594e3c3d-ea53-5186-bc94-70695659f233,7,Sindbad The Sailor,"Farhan Akhtar, Raman Mahadevan",4.5,http://www.youtube.com/watch?v=eY62RfeviuE&feature=plcp,https://music.youtube.com/watch?v=eY62RfeviuE,https://music.youtube.com/watch?v=0atAbzzLQts,https://music.youtube.com/watch?v=x0HzGDBR88g
bdd4461c-e5e0-54a3-baf2-9156593b905b,ad9010c1-0e99-5f21-b205-9b2f8d3da64e,5,Teri Ore,"Rahat Fateh Ali Khan, Shreya Ghoshal",5.0,https://www.youtube.com/watch?v=GLEx6bhPu7s,https://music.youtube.com/watch?v=Ewt8wBdYpdk,https://music.youtube.com/watch?v=fa4l-vJ_5ic,https://music.youtube.com/watch?v=vyxuByYlO_k
6eeeb475-fb09-5c9c-92f8-9989bea43b38,f898aa0b-4180-574f-b1ec-3e5a15d6ac9c,2,Ek Meetha Marz Dene Aana Tum Yun Hi,"Mohit Chauhan, Madhushree",4.5,http://www.youtube.com/watch?v=cj2kVORApuU&feature=plcp,https://music.youtube.com/watch?v=cj2kVORApuU,https://music.youtube.com/watch?v=P62g9sY2_NQ,https://music.youtube.com/watch?v=5WXdE0fWlfM
1bd7f4b2-0873-5224-ab85-31c9927ac27c,deb892fc-19bc-59f4-b815-291140ae598c,2,Tu Meri Dost Hai,"Benny Dayal, Shreya Ghoshal, A.R. Rahman",4.33,https://www.youtube.com/watch?v=NWdasSZcvHY,https://music.youtube.com/watch?v=CXnYgZQ1i5g,https://music.youtube.com/watch?v=O5zhCBCW9Aw,https://music.youtube.com/watch?v=_64xIDqD8yk
2bc52aaf-ac1f-55f1-9b9d-e19eaa143738,deb892fc-19bc-59f4-b815-291140ae598c,4,Tu Muskura,"Alka Yagnik, Javed Ali",4.67,https://www.youtube.com/watch?v=U0nfYIIT4cU,https://music.youtube.com/watch?v=WwEB_xzViS4,https://music.youtube.com/watch?v=lX-yhaRKRBY,https://music.youtube.com/watch?v=tjZOzmykh9I
42a1e69c-141c-5565-b3a5-4a3c89683472,518ca1bd-26b8-52ec-98ed-e57b47ebc998,3,Behti Hawa Sa Tha Woh,"Shaan, Shantanu Moitra",4.5,https://www.youtube.com/watch?v=ewvddSUEONQ,https://music.youtube.com/watch?v=ewvddSUEONQ,https://music.youtube.com/watch?v=3qzos9Xgvng,https://music.youtube.com/watch?v=WDoGJHP46b0
e368ef40-bb27-529c-bd27-ff141313dca8,8e7ec842-646a-5025-87eb-bd395ac8c238,2,Tu Jaane Naa,Atif Aslam,4.5,https://www.youtube.com/watch?v=53l2DkivxJs,https://music.youtube.com/watch?v=FA_J8XwpCaQ,https://music.youtube.com/watch?v=IyulDaKaeSQ,https://music.youtube.com/watch?v=FMi4sishLd0
d9ef1e6a-f6d2-5dbc-9fd7-6f2ec21fe9c7,8e7ec842-646a-5025-87eb-bd395ac8c238,4,Tera Hone Laga Hoon,"Atif Aslam, Alisha Chinai",4.5,https://www.youtube.com/watch?v=useznoRhrWU,https://music.youtube.com/watch?v=oeYgD5w3NQo,https://music.youtube.com/watch?v=rLR37BR88T0,https://music.youtube.com/watch?v=VDy4XbyAWTI
459bff75-9c06-55ae-9bfd-0479497ea3f4,8e7ec842-646a-5025-87eb-bd395ac8c238,14,Tu Jaane Naa - Unplugged,"Kailash Kher, Paresh Kamath, Naresh Kamath",4.5,https://www.youtube.com/watch?v=uI8ET9RuPaA,https://music.youtube.com/watch?v=m_6JMJsM51E,,
5a57eab5-6b79-54bc-a776-337d789c6bd2,70fcaf4f-c47f-5fef-a530-da4766192bc1,1,Kate Naahi Raat,Ustad Sultan Khan,4.33,https://www.youtube.com/watch?v=SAWvlqsUzNM,https://music.youtube.com/watch?v=0gSnIAU4iAY,https://music.youtube.com/watch?v=edKGMXSaQaw,https://music.youtube.com/watch?v=kn8cRRst4HA
3d64601a-f0ca-5ff5-81de-38a1731a8443,bd6c2066-2874-58e6-89f9-8bf1f73e8763,2,Arziyan,"Javed Ali, Kailash Kher",4.83,http://www.youtube.com/watch?v=JA09HEGTzCU&feature=plcp,https://music.youtube.com/watch?v=dXdD1_AGBZg,https://music.youtube.com/watch?v=Thda5BDSRHc,https://music.youtube.com/watch?v=JA09HEGTzCU
6cfb2b3f-9566-58a5-85e9-1d254a7f90fb,bd6c2066-2874-58e6-89f9-8bf1f73e8763,4,Rehna Tu,A.R. Rahman,4.67,http://www.youtube.com/watch?v=ZkcyYqwJq9s&feature=plcp,https://music.youtube.com/watch?v=ZYGyuaEU2aA,https://music.youtube.com/watch?v=6qcWiUMKHGw,https://music.youtube.com/watch?v=HtUjli96rLA
2005de13-a430-53f5-8a0d-418348346f16,bd6c2066-2874-58e6-89f9-8bf1f73e8763,6,Dil Gira Dafatan,Ash King,5.0,http://www.youtube.com/watch?v=5zU4zZpycTo&feature=plcp,https://music.youtube.com/watch?v=5zU4zZpycTo,https://music.youtube.com/watch?v=XLtK_w3jlgE,https://music.youtube.com/watch?v=Nw5pqstBc8w
0b719483-0b62-5602-83fa-e7a1d6964df4,5db2043f-ac54-5d9d-9c73-9778b162d04a,3,Nayan Tarse,Amit Trivedi,5.0,https://www.youtube.com/watch?v=LuW1IdlPEvg,https://music.youtube.com/watch?v=2-JIXxfTtOY,https://music.youtube.com/watch?v=LuW1IdlPEvg,https://music.youtube.com/watch?v=G4muMbjjQ-M
7f60c641-4b35-531a-a7de-16189eb849ec,5db2043f-ac54-5d9d-9c73-9778b162d04a,4,Pardesi,Tochi Raina,4.5,http://www.youtube.com/watch?v=EmxaK0R1YUM&feature=plcp,https://music.youtube.com/watch?v=EmxaK0R1YUM,https://music.youtube.com/watch?v=_gevL-2UOGI,https://music.youtube.com/watch?v=_EeINgJo9Uw
6e1c69b1-18a0-5301-a36a-524dbb1738c6,5db2043f-ac54-5d9d-9c73-9778b162d04a,8,Aankh Micholi,Amit Trivedi,4.5,http://www.youtube.com/watch?v=8CJtBJStgYo&feature=plcp,https://music.youtube.com/watch?v=O_lWRxouHfQ,https://music.youtube.com/watch?v=KQUf0TL9HVg,https://music.youtube.com/watch?v=8CJtBJStgYo
3b79af13-0ed2-50b1-8979-42a87f7cc0d4,5db2043f-ac54-5d9d-9c73-9778b162d04a,9,Yahi Meri Zindagi,Aditi Singh Sharma,4.5,http://www.youtube.com/watch?v=qpYNf1YLXQY&feature=plcp,https://music.youtube.com/watch?v=qpYNf1YLXQY,https://music.youtube.com/watch?v=0LhxBdcKVXk,https://music.youtube.com/watch?v=xT_AwPn7v8s
613419bb-409a-5d2a-b470-50c3ed8b8bff,1c3cb325-7ef6-518e-99ee-14252ad01dd8,2,Pehli Baar Mohabbat Ki Hai,Mohit Chauhan,4.5,http://www.youtube.com/watch?v=zhMoztMJPwE&feature=plcp,https://music.youtube.com/watch?v=zhMoztMJPwE,https://music.youtube.com/watch?v=itc-rHSsDj4,https://music.youtube.com/watch?v=1Fadmt12NUU
1b592b8d-d168-57d1-aa21-f67090bedd48,1c3cb325-7ef6-518e-99ee-14252ad01dd8,5,Kaminey,Vishal Bhardwaj,4.67,http://www.youtube.com/watch?v=yj3FvtHDaog&feature=plcp,https://music.youtube.com/watch?v=yj3FvtHDaog,https://music.youtube.com/watch?v=TI0nagn85Do,https://music.youtube.com/watch?v=R2kdQTn7CLI
d80f643d-46c4-5f2d-8033-5dbbb2652237,379e2013-411f-59f9-935b-e3bbe282ad64,1,Tum Mile,Neeraj Shridhar,4.5,https://www.youtube.com/watch?v=odVptmgIcD0,https://music.youtube.com/watch?v=odVptmgIcD0,https://music.youtube.com/watch?v=C0S0PMpNybM,
56bcc681-0b0a-590a-8aef-0cd4dffb9e3a,2c36faf0-6f38-5566-b202-167a37f6af16,2,Kya Karoon,Clinton Cerejo,5.0,http://www.youtube.com/watch?v=nHCwoQk8ToA,https://music.youtube.com/watch?v=AGsOTkX7ssM,https://music.youtube.com/watch?v=iBJoOyw-Lls,
78ac9251-373f-5495-a149-71b048c3a98a,2c36faf0-6f38-5566-b202-167a37f6af16,4,Iktara,"Kavita Seth, Amitabh Bhattacharya",4.75,http://www.youtube.com/watch?v=fSS_R91Nimw,https://music.youtube.com/watch?v=1q65CU2JoXg,https://music.youtube.com/watch?v=ZlOZktsODpA,
24911e81-081a-5b03-8e78-2ceac0a11502,870c4a84-6547-5006-ae48-1550c125cebe,1,Suno Aisha,Amit Trivedi,4.5,https://www.youtube.com/watch?v=fAzO3s7Dgnw,https://music.youtube.com/watch?v=fAzO3s7Dgnw,https://music.youtube.com/watch?v=356IP3REotU,https://music.youtube.com/watch?v=isQImNFTL94
04cef708-d9e4-5650-abbe-2be09350efb3,870c4a84-6547-5006-ae48-1550c125cebe,2,Gal Mitthi Mitthi,Tochi Raina,4.5,https://www.youtube.com/watch?v=ZHsKQ_R0ZqI,https://music.youtube.com/watch?v=7oqyfTpHmZE,https://music.youtube.com/watch?v=iKs0WgXjTKI,https://music.youtube.com/watch?v=Sk2RCtiuyH8
a07027db-da5c-5f69-85fd-5a1ceda5fa26,870c4a84-6547-5006-ae48-1550c125cebe,3,Shaam,"Nikhil D'Souza, Amit Trivedi",5.0,http://www.youtube.com/watch?v=kl8T6tsOZJk,https://music.youtube.com/watch?v=vNSwdLu_ieI,https://music.youtube.com/watch?v=VOFm2oB8t98,
1cfe5ed9-002f-5cbe-b478-4f5c416bd618,870c4a84-6547-5006-ae48-1550c125cebe,5,Lehrein,Anusha Mani,4.5,http://www.youtube.com/watch?v=V3jYHfawdY8,https://music.youtube.com/watch?v=uDKyZSDSuUM,https://music.youtube.com/watch?v=k9w7W_UpDyg,
acca820a-a712-5b92-b31f-d1986cf3a26a,335844c1-51cd-579e-96ad-9eed691d01ec,9,Tu Na Jaane Aas Paas Hai Khuda (Unplugged),"Rahat Fateh Ali Khan, Shruti Pathak",4.33,http://www.youtube.com/watch?v=Kz0GIYoq0SE,https://music.youtube.com/watch?v=jAUSF4_ygJg,https://music.youtube.com/watch?v=yDWOp8ur90Q,https://music.youtube.com/watch?v=Wd1tLKPKt0g
44023865-dfa9-5252-a780-bfacdd4d3512,246a3d3c-d442-57b5-b076-f951130a7135,4,Dooriyan Hain Zaroori,"Monica Dogra, Vishal Dadlani",4.33,http://www.youtube.com/watch?v=l_KKRDdd2uE,https://music.youtube.com/watch?v=l_KKRDdd2uE,https://music.youtube.com/watch?v=Qfm61nnFkO0,https://music.youtube.com/watch?v=weDMTtU4re4
58c52798-4ccc-5f9e-a799-6731206ad505,614aa7bc-8411-5a78-96ab-660e1a6a309f,6,Tere Mast Mast Do Nain (Duet),"Rahat Fateh Ali Khan, Shreya Ghoshal",4.33,http://www.youtube.com/watch?v=oyLVu753XJw&feature=plcp,https://music.youtube.com/watch?v=Mz2yP0A3t4o,https://music.youtube.com/watch?v=TLA1kxcWENU,https://music.youtube.com/watch?v=_KRJtNIIqLs
80a46baa-40cd-5366-8112-df796440ec29,80071761-12d1-59fd-b043-ecc1738e3755,2,Tere Bin,Sonu Nigam,4.5,http://www.youtube.com/watch?v=zqQhbs1q4-E,https://music.youtube.com/watch?v=BFWFAo-IGNc,https://music.youtube.com/watch?v=C1mTZQ5_UZE,https://music.youtube.com/watch?v=EhpV0WCSarI
b5ba5e22-e08c-5dd3-b2d1-26c854695498,2da8f936-d1be-56ea-937b-b755ecb2b5c3,8,Chaand Ki Katori,Harshdeep Kaur,4.5,http://www.youtube.com/watch?v=PgiP7yQm3B8&feature=plcp,https://music.youtube.com/watch?v=mKSu2YTyVJc,https://music.youtube.com/watch?v=Uy4PQ1e-yYo,https://music.youtube.com/watch?v=lcnB3m_lxSE
4a49b8bd-3e98-5c5a-9ed8-f5f4a10ac17d,02ead64a-2900-542b-af17-af12b89bfc36,3,Ab Mujhe Koi Intezar Kahan,Rekha Bhardwaj,4.75,https://www.youtube.com/watch?v=Y9oVHgKBEso,https://music.youtube.com/watch?v=Y9oVHgKBEso,https://music.youtube.com/watch?v=XQFiu6AOD1Y,https://music.youtube.com/watch?v=AMqlAyog2Uw
81f5f410-ba4a-569f-a0a8-d11dcf04006b,02ead64a-2900-542b-af17-af12b89bfc36,4,Badi Dheere Jali Raina,Rekha Bhardwaj,4.5,http://www.youtube.com/watch?v=7azfPhiSpPk&feature=plcp,https://music.youtube.com/watch?v=7azfPhiSpPk,https://music.youtube.com/watch?v=2eBaRo9z7Gc,https://music.youtube.com/watch?v=nqvEf7wYtCg
9e511765-f2e0-5a10-a1d9-f007872cefd5,0712108b-56f2-590b-9ff7-afafe6308cbb,1,Sajdaa,"Rahat Fateh Ali Khan, Shankar Mahadevan, Richa Sharma",4.5,https://www.youtube.com/watch?v=3rPEWcY6Oww,https://music.youtube.com/watch?v=Vl2zhN_CfW0,https://music.youtube.com/watch?v=AQ5qWopu_uU,
b01bfb3e-df13-51f7-b001-8ba7c3975fe1,0712108b-56f2-590b-9ff7-afafe6308cbb,2,Noor E Khuda,"Adnan Sami, Shankar Mahadevan, Shreya Ghoshal",4.5,https://www.youtube.com/watch?v=JJ5r5Z6G2Zo,https://music.youtube.com/watch?v=2pBZQ927u40,https://music.youtube.com/watch?v=sF1K-HEGMP0,https://music.youtube.com/watch?v=lFQiBOSBxzM
251bcf13-0a7f-5aa0-9f30-06b91b9338c9,0712108b-56f2-590b-9ff7-afafe6308cbb,4,Allah Hi Reham,Ustad Rashid Khan,4.5,https://www.youtube.com/watch?v=WgIBgC3a4Vs,https://music.youtube.com/watch?v=hkcxCEairzc,https://music.youtube.com/watch?v=7ymvg4Jc5y0,https://music.youtube.com/watch?v=TBYzaBw5g0U
2c2b8ef9-fce7-58ea-b32e-b982d932b0e1,aa4758fe-257c-5f38-a4db-b24276e14be4,4,Naav Hai Teri Naav (Naav Chadhti Lehrein Laang Na Paye),K. Mohan,4.5,http://www.youtube.com/watch?v=GDCJZUbjfsM,https://music.youtube.com/watch?v=6RLRUNoTHRY,https://music.youtube.com/watch?v=25cIlHsUlkI,https://music.youtube.com/watch?v=vLJ-jxMEv_g
6ff12028-48ba-54fb-9a44-84223aca9bcc,555ca872-2198-5e7d-ac30-404b075bbee0,5,Tere Liye,Suresh Wadkar,4.5,https://www.youtube.com/watch?v=cJQKvMUhR9Q,https://music.youtube.com/watch?v=k4OySsLWpOE,https://music.youtube.com/watch?v=dpnIvbEvW3M,https://music.youtube.com/watch?v=jRlVjX-5qqI
cde146cd-653a-5788-bcab-3501faebdfcd,4bfd129d-3cc3-565d-b9cc-4e84c43dd7a5,5,Abhi Mujh Mein Kahin,Sonu Nigam,4.83,http://www.youtube.com/watch?v=7Vj6c9vDrgE,https://music.youtube.com/watch?v=oWKgpB2zpgw,https://music.youtube.com/watch?v=9DqSN6GyNUI,https://music.youtube.com/watch?v=Hvki0kyXTFk
c43bd6d3-8e29-54b1-945a-3a62558f9f9b,9a6d4b93-99aa-57aa-9398-98be7f955e4c,2,Gubbare,"Amit Trivedi, Shilpa Rao, Nikhil D'Souza, Amitabh Bhattacharya",4.5,http://www.youtube.com/watch?v=XanTuIWUEQ0,https://music.youtube.com/watch?v=pOsa_pTV7Co,https://music.youtube.com/watch?v=770qaHuc0t0,https://music.youtube.com/watch?v=_LgRkM_JHYg
0c8a4c15-2c78-574f-8301-04b9d673c607,9a6d4b93-99aa-57aa-9398-98be7f955e4c,4,Aahatein,"Karthik, Shilpa Rao",4.5,http://www.youtube.com/watch?v=uPjafLALZk0,https://music.youtube.com/watch?v=h7GTOEw_JU4,https://music.youtube.com/watch?v=QwC0jnetTvc,https://music.youtube.com/watch?v=Acy50BIc7jo
9f043f24-41b8-5fe9-96f7-6cef114f6184,331615b3-123a-5616-8faf-c88d31a7f4b4,1,Baangur,"Mame Khan, Kavita Seth",4.75,https://www.youtube.com/watch?v=seowEbJDGkI,https://music.youtube.com/watch?v=1UdNwPUa5-E,https://music.youtube.com/watch?v=3SltX3QyT0k,https://music.youtube.com/watch?v=k2dRrLn_7sQ
e4e8a3d3-7a46-55b0-bf80-9241506159c9,331615b3-123a-5616-8faf-c88d31a7f4b4,2,Isi Baat Pe (Agar Zindagi),KK,4.5,https://www.youtube.com/watch?v=1xdcRsQ8DrY,https://music.youtube.com/watch?v=xwhwgHb_o1w,https://music.youtube.com/watch?v=MnUAjI-DdHE,https://music.youtube.com/watch?v=1xdcRsQ8DrY
6f4e90f2-c436-5baf-8929-f428be59ae79,128a854f-fb0c-5a81-a299-f3b0a19ddade,4,Bhare Naina,Nandini Srikar,4.5,http://www.youtube.com/watch?v=lHC1xPUgP5Q,https://music.youtube.com/watch?v=g3P4a0polMY,https://music.youtube.com/watch?v=ATvpdzbqBJs,https://music.youtube.com/watch?v=DNO89U5681Q
e36cda20-ab70-573d-b20f-15670b8ae9a4,96d4ab28-bcf5-5e10-98c6-08b78b45ab35,1,Phir Se Ud Chala,Mohit Chauhan,4.75,http://www.youtube.com/watch?v=2mWaqsC3U7k,https://music.youtube.com/watch?v=vlofctv8DhY,https://music.youtube.com/watch?v=N33RIndesB4,https://music.youtube.com/watch?v=zeP1urTYFlE
56f193ca-2f8c-5104-a46d-218fb8807baf,96d4ab28-bcf5-5e10-98c6-08b78b45ab35,2,Jo Bhi Main Kahna Chahoon,Mohit Chauhan,4.67,http://www.youtube.com/watch?v=d7S_gG48dVM,https://music.youtube.com/watch?v=_kOzFMR9Hys,https://music.youtube.com/watch?v=FS7fbMl-h10,https://music.youtube.com/watch?v=LMlg-1ljyEM
f8be8151-7665-5c01-bd9a-1480f8023b1e,96d4ab28-bcf5-5e10-98c6-08b78b45ab35,4,Kun Faya Kun,"A.R. Rahman, Javed Ali, Mohit Chauhan",4.86,http://www.youtube.com/watch?v=T94PHkuydcw,https://music.youtube.com/watch?v=_fmA1RoHbzA,https://music.youtube.com/watch?v=JRtxglJGupY,https://music.youtube.com/watch?v=vpvwonVFwGY
29e4d7ec-b823-534e-a02c-1eab03d00fc0,96d4ab28-bcf5-5e10-98c6-08b78b45ab35,9,Tum Ko Pa Hi Liya Maine Yun,Kavita Subramaniam,4.6,https://www.youtube.com/watch?v=VqFn3FvVjk4,https://music.youtube.com/watch?v=72zKTf8NoMc,https://music.youtube.com/watch?v=33L88rOkOZk,
c7537188-81f0-5751-a8e4-be5f868dcb6e,96d4ab28-bcf5-5e10-98c6-08b78b45ab35,11,Nadaan Parinde Ghar Aaja,"A.R. Rahman, Mohit Chauhan",5.0,http://www.youtube.com/watch?v=ttIKsnxPrMY,https://music.youtube.com/watch?v=waHJsPu_fmU,https://music.youtube.com/watch?v=HVyqSG-0kl8,
de1837d8-16ba-5e3d-987e-a21fbd92af57,96d4ab28-bcf5-5e10-98c6-08b78b45ab35,12,Tum Ho Paas Mere,"Mohit Chauhan, Suzanne D'Mello",5.0,http://www.youtube.com/watch?v=VqFn3FvVjk4,https://music.youtube.com/watch?v=AqVIQ9ymvM8,,
e653fe92-3154-5940-92f1-eefce7786052,96d4ab28-bcf5-5e10-98c6-08b78b45ab35,13,Sadda Haq Aithe Rakh,Mohit Chauhan,4.33,http://www.youtube.com/watch?v=p9DQINKZxWE,https://music.youtube.com/watch?v=QTQVG5rSMkQ,https://music.youtube.com/watch?v=y47Bg9RP2dM,
714296cb-af8a-50d2-a6cd-921b07d065cf,86144a4b-7469-594f-a6e4-0f348a34f925,2,Yun Hi (Kitne Dafe Dil Ne Kaha),Mohit Chauhan,4.33,http://www.youtube.com/watch?v=hKEEbtMkKms,https://music.youtube.com/watch?v=iwdPbQwZujY,https://music.youtube.com/watch?v=Rjpl5Z0Jq1c,https://music.youtube.com/watch?v=qDv--yMRanY
1c1acb46-6d4d-5e61-92f0-cea53495d895,f2181c48-3b68-5296-b571-bcb6726035c9,7,Raabta (Night In A Motel),"Aditi Singh Sharma, Arijit Singh",4.4,https://www.youtube.com/watch?v=-d9nvq3402M,https://music.youtube.com/watch?v=46gZlFryb74,https://music.youtube.com/watch?v=piUHBTXsoiY,https://music.youtube.com/watch?v=tbXNVm8CXxg
4c6eb002-c673-5cb3-a683-8f4e758b69d1,f2181c48-3b68-5296-b571-bcb6726035c9,11,Raabta (Kehte Hain Khuda Ne),"Shreya Ghoshal, Arijit Singh",4.33,https://www.youtube.com/watch?v=aVPwXQgY2QI,https://music.youtube.com/watch?v=iYy9kr45d1o,https://music.youtube.com/watch?v=aVPwXQgY2QI,https://music.youtube.com/watch?v=Sqbeoe5UEOM
c5b1a571-e137-513b-b054-9ccc5cabb485,1eb0196d-cb61-55ff-b92b-9906da31567d,4,Mahek Bhi,Shreya Ghoshal,4.33,http://www.youtube.com/watch?v=aqaI2UEG-ZI,https://music.youtube.com/watch?v=aqaI2UEG-ZI,https://music.youtube.com/watch?v=wHhPR9eyfkQ,https://music.youtube.com/watch?v=JFkXKprOtiM
5241f159-c22d-599b-a99c-612f16a5f40f,38434780-3b20-5367-ad22-957942c82700,1,Main Kya Karoon,Nikhil Paul George,4.8,https://www.youtube.com/watch?v=5q_Ms8QKta0,https://music.youtube.com/watch?v=wqQ6BF50AT4,https://music.youtube.com/watch?v=BDTee709trU,https://music.youtube.com/watch?v=6soTyIYh1O0
4a67431b-eb9a-53d3-a153-adb171efd4b3,38434780-3b20-5367-ad22-957942c82700,2,Phir Le Aaya Dil (Reprise),Arijit Singh,4.88,https://www.youtube.com/watch?v=XT_ANSoov00,https://music.youtube.com/watch?v=yr5Z9dODllI,https://music.youtube.com/watch?v=52JWeiQ8ENw,https://music.youtube.com/watch?v=RwZkeSihoGg
da1d5761-2aa8-55f8-b0f5-2f25a31ee83e,38434780-3b20-5367-ad22-957942c82700,3,Aashiyan (Solo),Nikhil Paul George,4.67,https://www.youtube.com/watch?v=FlY2YplRQMM,https://music.youtube.com/watch?v=PTOmEY7-O9g,https://music.youtube.com/watch?v=WxXbLnBq0n0,
5699b2ba-f803-5b86-998c-b1824bd33268,38434780-3b20-5367-ad22-957942c82700,4,Kyun,"Papon, Sunidhi Chauhan",4.86,https://www.youtube.com/watch?v=Rq7tyOcVgLQ,https://music.youtube.com/watch?v=I8IGukb5qao,,
aba14b6f-2208-5310-b880-98433c109e86,38434780-3b20-5367-ad22-957942c82700,9,Phir Le Aaya Dil (Redux),Shafqat Amanat Ali,4.33,https://www.youtube.com/watch?v=pOnW2HytGEY,https://music.youtube.com/watch?v=Gqy01K0wQ_k,https://music.youtube.com/watch?v=tSyPZw4MY3M,https://music.youtube.com/watch?v=ppSbDd0NjLE
e043db0a-fa74-5720-8d33-9ac493e2c5a7,4add4d6b-68bc-5886-9392-ee06e4a084eb,1,Bolo Na,Shankar Mahadevan,4.33,http://www.youtube.com/watch?v=9kDQi-Mwkqk,https://music.youtube.com/watch?v=E0Qbp9J88iE,https://music.youtube.com/watch?v=BG_9-7xJuKQ,https://music.youtube.com/watch?v=aRlAyzHCAzA
9d2bdfe7-9233-59bc-b388-4a151278bde6,0d31a5de-292a-5a8a-ad30-ec569423add9,3,Yaariyaan,"K. Mohan, Shilpa Rao",4.4,http://www.youtube.com/watch?v=RIGTU4yWLd0,https://music.youtube.com/watch?v=RIGTU4yWLd0,https://music.youtube.com/watch?v=wjX57G5qATE,https://music.youtube.com/watch?v=qob6noqcSzg
ce89227b-cdda-542f-a1b3-abd8a54f5846,77855ca3-54f1-5d8f-a197-6e07d488767a,4,Madari,"Vishal Dadlani, Sonu Kakkar",4.5,http://www.youtube.com/watch?v=L-9s4nTLSdA,https://music.youtube.com/watch?v=L-9s4nTLSdA,https://music.youtube.com/watch?v=OOlhqEn5XAQ,https://music.youtube.com/watch?v=fuoZJKNR-rY
b97ae05f-a486-5e95-a185-919e6ef98d2f,77855ca3-54f1-5d8f-a197-6e07d488767a,5,Mauje Naina,"Bianca Gomes, Shadab Faridi, Altamash Faridi",4.33,https://www.youtube.com/watch?v=vX__XVV7Z_Y,https://music.youtube.com/watch?v=rCGhltMGXkE,https://music.youtube.com/watch?v=jdK6VtwKiuk,https://music.youtube.com/watch?v=vX__XVV7Z_Y
991da1b4-d711-59fa-b541-8accc8bb3cb4,6d8b4771-919b-5c31-b194-9006e09a2bca,4,Chaudhary,Mame Khan,4.4,http://www.youtube.com/watch?v=1gukvtH_a3I,https://music.youtube.com/watch?v=dPuvXj71KLo,https://music.youtube.com/watch?v=c29ceSarpeA,https://music.youtube.com/watch?v=6uB9cN-s3gw
c674ca97-4cfe-503b-b889-36f8acb08dd0,fa434977-96ff-5bc1-ab9f-abc2480d6a52,4,Gustakh Dil,Shilpa Rao,4.33,https://www.youtube.com/watch?v=67Oild5HJhc,https://music.youtube.com/watch?v=-nZHeQzQtrE,https://music.youtube.com/watch?v=Areou95Nu1w,https://music.youtube.com/watch?v=_K6Mw7hkKSQ
6bbbdf0b-c2cc-53f2-a141-38b66c4cfb0b,82eae423-95ac-5d5f-aeb7-16aee5d071a3,3,Main Pareshan,Shalmali Kholgade,4.67,http://www.youtube.com/watch?v=B6E01IatDm0,https://music.youtube.com/watch?v=k5TRnHHQ57U,https://music.youtube.com/watch?v=5kBgZQHE--A,
aa7625a8-46d9-5c7a-b3ed-2b8c29bf1da5,81e11e65-6f11-59c6-8d9c-9f50feeaee04,6,Abhi Abhi (Duet),"KK, Akriti Kakar, Shreya Ghoshal",4.33,https://www.youtube.com/watch?v=ZNSEQXAfzXI,https://music.youtube.com/watch?v=HttLRTo4N6U,https://music.youtube.com/watch?v=ZNSEQXAfzXI,https://music.youtube.com/watch?v=zg32jRaA8fg
b47b767c-5b2b-5b61-a2c9-fa5713f4ff4d,10dce005-5dd5-52d5-b138-ef65581cefc2,2,Piya Tu Kaahe Rootha Re,Javed Bashir,4.5,http://www.youtube.com/watch?v=agaBErK_ncI,https://music.youtube.com/watch?v=agaBErK_ncI,https://music.youtube.com/watch?v=8ee0xV-9wD8,https://music.youtube.com/watch?v=YJxNKEPtH6Q
85b968f2-75f2-5cff-98a3-19bcfc8609d3,10dce005-5dd5-52d5-b138-ef65581cefc2,3,Kahaani (Male),KK,4.33,https://www.youtube.com/watch?v=n6J2JpFBtmQ,https://music.youtube.com/watch?v=n6J2JpFBtmQ,https://music.youtube.com/watch?v=u4w1Lt6F3N4,https://music.youtube.com/watch?v=Wh-AgS7PKdM
083d40bc-db08-5a8e-b250-7221926d3ecd,10dce005-5dd5-52d5-b138-ef65581cefc2,4,Tore Bina,Sukhwinder Singh,4.67,http://www.youtube.com/watch?v=qitrcE_c7PI,https://music.youtube.com/watch?v=qitrcE_c7PI,https://music.youtube.com/watch?v=oLHsTD1_RH8,https://music.youtube.com/watch?v=a8wOYeB-rjI
0bd6ebcb-9f06-54dd-a958-c5ca100c064f,10dce005-5dd5-52d5-b138-ef65581cefc2,5,Kahaani (Female),Shreya Ghoshal,4.33,http://www.youtube.com/watch?v=Tj34QHH-gJ4,https://music.youtube.com/watch?v=Tj34QHH-gJ4,https://music.youtube.com/watch?v=oLyfGOslY8U,https://music.youtube.com/watch?v=qv_j6cSNJR4
9df3c094-f088-5184-aa07-57b4a677fbfc,0f0d70b1-9f91-591c-8929-4266371eacd3,1,Kiklikalerdi,"Pinky Maidasani, Amit Trivedi, Yo Yo Honey Singh",4.4,https://www.youtube.com/watch?v=w1N_3TtcZKM,https://music.youtube.com/watch?v=w1N_3TtcZKM,https://music.youtube.com/watch?v=BxAI84MO8ZY,https://music.youtube.com/watch?v=EVL085Vg-a8
509c94a4-1cfd-508d-9362-e09565d3c1f8,0f0d70b1-9f91-591c-8929-4266371eacd3,2,Motorwada,"Amit Trivedi, Tochi Raina",4.33,http://www.youtube.com/watch?v=olDTiq_kv-8,https://music.youtube.com/watch?v=P9OaiqxTAgI,https://music.youtube.com/watch?v=KexkERTJG80,https://music.youtube.com/watch?v=5AkNyb3w4fA
f23a7a99-9d4a-5f0b-b1be-ccfe77447aa9,0f0d70b1-9f91-591c-8929-4266371eacd3,4,Luni Hasi (Female Version),Harshdeep Kaur,4.5,http://www.youtube.com/watch?v=87XsJ4d-Fgo,https://music.youtube.com/watch?v=_XTOzmGTCM8,https://music.youtube.com/watch?v=tL8c_KZ_Wok,https://music.youtube.com/watch?v=Qj8DrWUWlwI
7ff1b6de-cf61-570e-80b8-0151412c581a,be5a9731-4db0-54d5-8940-fd51c01cd40b,2,Mere Nishaan,"Kailash Kher, Meet Bros Anjjan",4.33,http://www.youtube.com/watch?v=8c6GRDxa6HQ,https://music.youtube.com/watch?v=8c6GRDxa6HQ,https://music.youtube.com/watch?v=mDcKf-Dak5c,https://music.youtube.com/watch?v=gq3tMByKGGc
e833d939-585c-5f41-b820-5a6ceb11ff16,f60cdcc9-b064-52f6-b033-b9c6f09239b7,3,Be Intehaan,"Atif Aslam, Sunidhi Chauhan",4.5,https://www.youtube.com/watch?v=nD7F40pQpyc,https://music.youtube.com/watch?v=LvEamw9flNs,https://music.youtube.com/watch?v=X8D93V4H5TU,https://music.youtube.com/watch?v=r_3K9vZ4oZE
147a69d5-87fa-544f-8fde-c4317ed4ca65,e2046b79-4ba5-5572-a0ad-0eab87451c2a,2,Jee Le Zara,Vishal Dadlani,4.5,http://www.youtube.com/watch?v=UT3NjMzSzO4,https://music.youtube.com/watch?v=fhs6wYi4Jr0,https://music.youtube.com/watch?v=sEbOXoY97Gg,https://music.youtube.com/watch?v=iztTah77WrA
15010228-5fb2-55dc-88c0-5d940fdeb32f,4bb3866f-4324-5219-935c-bc46262bfb14,4,Pani Da Rang (Male),Ayushmann Khurrana,4.5,http://www.youtube.com/watch?v=_hRnWA0A20E,https://music.youtube.com/watch?v=zRzD3-a9_qc,https://music.youtube.com/watch?v=wZ_zewGPqT4,https://music.youtube.com/watch?v=_l76QrvZ5MY
9c677940-4708-55e6-ae49-521363d58a22,226e5d6a-7618-5ca3-9915-29c155dfd0ba,1,Tum Hi Ho,Arijit Singh,4.62,http://www.youtube.com/watch?v=IJq0yyWug1k,https://music.youtube.com/watch?v=8hoqSfN24rw,https://music.youtube.com/watch?v=H82Np1_dTE4,https://music.youtube.com/watch?v=myN11olI2a4
3f6cf2e3-c373-5c49-9edd-238526627488,226e5d6a-7618-5ca3-9915-29c155dfd0ba,2,Sun Raha Hai (Male),Ankit Tiwari,4.5,http://www.youtube.com/watch?v=eHRrZ5DQCV4,https://music.youtube.com/watch?v=M5MerccCVuw,https://music.youtube.com/watch?v=rXfB1KiN5v8,https://music.youtube.com/watch?v=lOBmToX9gr8
889e867a-4ad3-5e6c-9768-ff406f7f3278,226e5d6a-7618-5ca3-9915-29c155dfd0ba,9,Sun Raha Hai (Female),Shreya Ghoshal,4.33,http://www.youtube.com/watch?v=inEu2qQuGZ8,https://music.youtube.com/watch?v=1If9aw74Tj4,https://music.youtube.com/watch?v=BiHiU_Qqc_o,https://music.youtube.com/watch?v=5B0mjFDcwuU
5363dd1d-2524-5b1d-828b-7a5c36b973ff,9e6d6bb6-e8ab-50e8-b60a-121e8e79910d,2,Giridhar,Vasuda Sharma,4.5,https://www.youtube.com/watch?v=PR9JaP-1FiI,https://music.youtube.com/watch?v=PR9JaP-1FiI,https://music.youtube.com/watch?v=ltnSoPI93Vs,https://music.youtube.com/watch?v=tAfNX7eMYyg
a5c82abc-4277-5e37-8c2f-72db310d55a2,9e6d6bb6-e8ab-50e8-b60a-121e8e79910d,3,Barsan Laage Nain,Vasuda Sharma,4.5,https://www.youtube.com/watch?v=6NqIijYAUKk,https://music.youtube.com/watch?v=-pW03behUI8,https://music.youtube.com/watch?v=1AK7QhHAqt4,https://music.youtube.com/watch?v=6NqIijYAUKk
91fc20ad-bf33-51c3-b053-87c7a3993383,9e6d6bb6-e8ab-50e8-b60a-121e8e79910d,4,Laagi Lagan,Vasuda Sharma,4.5,http://www.youtube.com/watch?v=8thpevBS33k,https://music.youtube.com/watch?v=5IzFsLKnL98,https://music.youtube.com/watch?v=yPYgqz86Vgc,https://music.youtube.com/watch?v=8thpevBS33k
05ce3bb4-a396-5cff-aff7-321f7a308c12,9e6d6bb6-e8ab-50e8-b60a-121e8e79910d,5,Jaagi Jaagi Raina,Vasuda Sharma,4.5,http://www.youtube.com/watch?v=HqPvI_CwTe8,https://music.youtube.com/watch?v=4JQuPvWqM1w,https://music.youtube.com/watch?v=O1UmrQkbiHk,https://music.youtube.com/watch?v=HqPvI_CwTe8
ebe8f041-79cf-58f6-8b44-13489a27269e,d03dfdaf-11aa-5c4c-b81e-ffd31866a9d0,6,Slow Motion Angreza,"Shankar Mahadevan, Sukhwinder Singh, Loy Mendonsa",4.4,http://www.youtube.com/watch?v=60vIVA5AZ9M,https://music.youtube.com/watch?v=IV-AZaDKJ5o,https://music.youtube.com/watch?v=gsEYCQgPSTc,
582a15f4-4012-58f9-8e57-60a810b020d0,d03dfdaf-11aa-5c4c-b81e-ffd31866a9d0,7,O Rangrez,"Shreya Ghoshal, Javed Bashir",4.5,http://www.youtube.com/watch?v=5idNBcKDtvA,https://music.youtube.com/watch?v=aYnrl1c1_U0,https://music.youtube.com/watch?v=nvaaZf1xYcA,https://music.youtube.com/watch?v=jmpUP1MaQ9Q
133341bb-1cfb-5755-876d-6ab2514fa605,80c838e4-66d5-5d8a-8acd-4b3a1270a6f7,9,Lungi Dance,Yo Yo Honey Singh,4.33,http://www.youtube.com/watch?v=2kWLyInyjOE,https://music.youtube.com/watch?v=HVFb5-MrP4A,https://music.youtube.com/watch?v=IZL6aoVJu2M,
14503572-c4bc-5a9c-821d-7f560283f13b,f4ba191c-944b-580b-883c-092091b67b16,1,Zariya,"Ani Choying Drolma, Farah Siraj",4.5,http://www.youtube.com/watch?v=wlaZSx6tqRo,https://music.youtube.com/watch?v=aWZOp30aXxE,https://music.youtube.com/watch?v=wlaZSx6tqRo,https://music.youtube.com/watch?v=pdmOVxdtybU
c5a60530-4bf6-58ef-81d9-247cc2ac0d17,f4ba191c-944b-580b-883c-092091b67b16,3,Aao Balma,"Ustad Ghulam Mustafa Khan, Rabbani Mustafa, Hasan Mustafa, Faiz Mustafa, Murtuza Mustafa, Qadir Mustafa",4.33,http://www.youtube.com/watch?v=_UZhioKe8vg,https://music.youtube.com/watch?v=_UZhioKe8vg,https://music.youtube.com/watch?v=2oEQkPXJavc,
d37f5e44-2227-5668-9615-a81004f64d29,7b80835d-e075-523b-9a06-80c52ab5dd54,2,Kattey,"Bhanvari Devi, Hard Kaur",4.5,https://www.youtube.com/watch?v=hfphuESsZVE,https://music.youtube.com/watch?v=R1o-4Jgq6Ds,https://music.youtube.com/watch?v=npKCgowu-Bk,https://music.youtube.com/watch?v=mibMBEA9NbU
c47deaa1-98c9-514b-9c15-a553fbcd3155,979243ff-c335-5ac3-8602-75148b6827e3,1,Bismillah,"Kailash Kher, Munawar Masoom",4.67,http://www.youtube.com/watch?v=w1sqYgnwEqI,https://music.youtube.com/watch?v=IaBVRxLBYA8,https://music.youtube.com/watch?v=w1sqYgnwEqI,https://music.youtube.com/watch?v=6hjVbxPmeX4
400e9a97-b2cc-5a55-b173-2fa760c86331,76b615a2-1c52-5aca-af20-080bff341e8f,4,Khushamdeed,Shreya Ghoshal,4.33,http://www.youtube.com/watch?v=DrjMgzVoCB8,https://music.youtube.com/watch?v=N60FmXMLcHI,https://music.youtube.com/watch?v=pj450uzYVrw,https://music.youtube.com/watch?v=QF7GcizogYU
1ce7a63b-e750-5448-b1a1-52ad186800f3,15384d7a-6431-5aa5-875e-437545e9860d,6,Laal Ishq,Arijit Singh,4.75,http://www.youtube.com/watch?v=GEH3Aev0uME,https://music.youtube.com/watch?v=GEH3Aev0uME,https://music.youtube.com/watch?v=sxWZQwbJgWo,https://music.youtube.com/watch?v=Oz9qw0jGa7s
7e7a254a-bf44-58d1-89ed-08e2596f58df,7797034c-f628-5733-844e-380082c12828,1,Manjha,Amit Trivedi,4.88,https://www.youtube.com/watch?v=YKcmMmJlKNk,https://music.youtube.com/watch?v=jZbXUVEFLv8,,
4ef14519-74bd-5f23-9da8-e1740643bd64,7797034c-f628-5733-844e-380082c12828,2,Shubhaarambh,"Shruti Pathak, Divya Kumar",4.6,https://www.youtube.com/watch?v=dlz09a-pyPE,https://music.youtube.com/watch?v=5tzXovJu_HE,https://music.youtube.com/watch?v=Gx_Rqsq1DIw,
8aac475d-78e6-5f88-8e18-1336afdf5238,7797034c-f628-5733-844e-380082c12828,3,Meethi Boliyan,"Amit Trivedi, Mili Nair",4.62,https://www.youtube.com/watch?v=BO9cos32DYc,https://music.youtube.com/watch?v=KKbjgYD3wbQ,https://music.youtube.com/watch?v=17yjetNL86I,
bee26b2a-0475-54a5-a3e8-8ef7b8717d83,b7b2e4f4-c282-5b16-9e0f-7742ca768a7d,1,Sanwaar Loon,Monali Thakur,4.9,http://www.youtube.com/watch?v=-90dVsutSUg,https://music.youtube.com/watch?v=GpLj8f2CI00,,
eb3983c7-752c-54f3-9f76-8357ff689b20,b7b2e4f4-c282-5b16-9e0f-7742ca768a7d,2,Ankahee,Amitabh Bhattacharya,4.71,http://www.youtube.com/watch?v=DR0S-ocAmvo,https://music.youtube.com/watch?v=BifUBP3gv5I,https://music.youtube.com/watch?v=1xBQyfQ0uvs,
760f4b3d-9a14-5b9c-8c1e-14de613f42a3,b7b2e4f4-c282-5b16-9e0f-7742ca768a7d,3,Shikayatein Mitaane Lagi Subah Bedagh Hai,"K. Mohan, Amitabh Bhattacharya",4.71,http://www.youtube.com/watch?v=p5BNyEfMDwU,https://music.youtube.com/watch?v=ZUeNXcG0qe4,,
27655db1-c21c-5837-a6b3-9aff99e258bb,b7b2e4f4-c282-5b16-9e0f-7742ca768a7d,5,Zinda Hoon Yaar Kaafi Hai,Amit Trivedi,4.71,http://www.youtube.com/watch?v=cgHLvt0rxmM,https://music.youtube.com/watch?v=K9opdAw3Osk,https://music.youtube.com/watch?v=7ZgkN5lI904,
6f58e2f3-ddeb-5a5a-b117-be5165eda104,b7b2e4f4-c282-5b16-9e0f-7742ca768a7d,6,Manmarziyan,"Shilpa Rao, Amitabh Bhattacharya, Amit Trivedi",4.71,http://www.youtube.com/watch?v=RFNmDyBKqk8,https://music.youtube.com/watch?v=70xrMgL395Y,https://music.youtube.com/watch?v=xMMmHLjjIrg,https://music.youtube.com/watch?v=YTo1xw_PJhg
6f047a67-11ca-57dd-9b69-b619c564decc,86a6c47c-f77d-53ff-b05a-7270c7bfdfd3,1,Raanjhanaa,"Jaswinder Singh, Shiraz Uppal",4.4,http://www.youtube.com/watch?v=vgm1u2gPxzw,https://music.youtube.com/watch?v=75o1iC1OSrE,https://music.youtube.com/watch?v=lJXLtQc8BlU,https://music.youtube.com/watch?v=GkEXp4FVxSo
9c203861-a675-5013-b064-7f45b1b9ccb1,86a6c47c-f77d-53ff-b05a-7270c7bfdfd3,3,Piya Milenge,"Sukhwinder Singh, KMMC Sufi Ensemble",4.43,http://www.youtube.com/watch?v=HXVO-SyVfng,https://music.youtube.com/watch?v=0YzoTG7AbzQ,https://music.youtube.com/watch?v=aUlQTIFyU8A,https://music.youtube.com/watch?v=HXVO-SyVfng
ab7b95bb-7c4b-5d4b-9bf2-ee6d3ec52d0c,86a6c47c-f77d-53ff-b05a-7270c7bfdfd3,7,Aise Naa Dekho,A.R. Rahman,4.33,http://www.youtube.com/watch?v=bezD7E2MEU8,https://music.youtube.com/watch?v=WB3E_2XIoa4,https://music.youtube.com/watch?v=IMq-PODPkWk,https://music.youtube.com/watch?v=BUtEsuuPL60
877943c2-f777-5950-b651-7f27bfaf7b95,64f2c36e-c65b-55a7-b6e9-31206305535e,1,Dhadkan Dhadkan Dhadak Raha Hai,Jagjit Singh,4.5,https://www.youtube.com/watch?v=AOfw5Ej0Ac0,https://music.youtube.com/watch?v=AOfw5Ej0Ac0,https://music.youtube.com/watch?v=q4bSRZu7QEw,https://music.youtube.com/watch?v=lRlJHCpVWu0
0fbe50bb-4fe9-5f9e-bd5f-0553a6a99540,64f2c36e-c65b-55a7-b6e9-31206305535e,3,Zindagi Jaisi Tammanna Thi,Jagjit Singh,4.5,https://www.youtube.com/watch?v=PIBvQ5FXDts,https://music.youtube.com/watch?v=PIBvQ5FXDts,https://music.youtube.com/watch?v=M108n1BBwKc,https://music.youtube.com/watch?v=mhurRwUJopk
9afc80fe-1458-5088-ba62-97c4e84451cf,64f2c36e-c65b-55a7-b6e9-31206305535e,5,Khuda Ke Vaaste Apna Hisaab,Jagjit Singh,4.5,https://www.youtube.com/watch?v=Fjleqj8Spno,https://music.youtube.com/watch?v=Fjleqj8Spno,https://music.youtube.com/watch?v=zOmdz1Pqn68,https://music.youtube.com/watch?v=avTtSWa1F04
8d0fdddc-b181-5c24-be7f-b943028e02bd,0e2dc9b8-08a2-5b46-a5fa-7936a308c76b,1,Badtameez Dil Maane Na,"Benny Dayal, Shefali Alvares",4.5,http://www.youtube.com/watch?v=II2EO3Nw4m0,https://music.youtube.com/watch?v=pwKmLIPvEjI,https://music.youtube.com/watch?v=B9CGEsexO24,https://music.youtube.com/watch?v=IuKjm80TAqw
78ff7c98-0b0e-5bc3-89a2-aae1a6369203,0e2dc9b8-08a2-5b46-a5fa-7936a308c76b,8,Re Kabira Maan Ja (Encore),"Arijit Singh, Harshdeep Kaur",4.75,http://www.youtube.com/watch?v=MuCfsZk9lbU,https://music.youtube.com/watch?v=jJ4AsIV1FDI,https://music.youtube.com/watch?v=cG4ME1stMS4,https://music.youtube.com/watch?v=gmoucRvDfIk
fb976e27-0b1c-5331-85e6-6617eee1de77,cb3a83c5-7092-5897-b4ef-ac07ea613f0d,2,Ab Ki Ye Subah,Khalid Ahamed,4.5,https://www.youtube.com/watch?v=_7Cn3HNciBI,https://music.youtube.com/watch?v=_7Cn3HNciBI,https://music.youtube.com/watch?v=jK38iP49i_M,https://music.youtube.com/watch?v=wrUOotzYi38
d5a76f09-7978-5451-bc39-580beef8ea96,1b0560b0-ae24-53f1-8e69-a318b00db0bd,1,Teri Galiyan,Ankit Tiwari,4.5,https://www.youtube.com/watch?v=FxAG_11PzCk,https://music.youtube.com/watch?v=i-EXgX279wU,https://music.youtube.com/watch?v=4-UUCyoH4Is,
9be803bf-d266-5994-b610-1509fcefae25,79d49f47-eeb2-5039-8b9c-5a38fc5a0dde,2,Bismil,Sukhwinder Singh,4.5,https://www.youtube.com/watch?v=p6ZxI5_A69M,https://music.youtube.com/watch?v=50q8wD6MXgI,https://music.youtube.com/watch?v=Kw2GoH3YfPA,https://music.youtube.com/watch?v=L1PGrxRMve8
e70740d2-6039-5b5f-b658-b5d690ca7abb,79d49f47-eeb2-5039-8b9c-5a38fc5a0dde,3,Khul Kabhi Toh,Arijit Singh,4.5,https://www.youtube.com/watch?v=2E4aaIvrU7Q,https://music.youtube.com/watch?v=J2eIBCC_Rsw,https://music.youtube.com/watch?v=tPN2U8RlVUQ,https://music.youtube.com/watch?v=6PTscslenUQ
ae6c5e29-4efd-53d3-8d50-25d8efa682d9,79d49f47-eeb2-5039-8b9c-5a38fc5a0dde,4,Jhelum,Vishal Bhardwaj,4.33,https://www.youtube.com/watch?v=ynWAfb1yKU8,https://music.youtube.com/watch?v=n04h_FL47jc,https://music.youtube.com/watch?v=4-JDqhIEYxY,https://music.youtube.com/watch?v=VtggucdVpvw
21d7bf49-eff9-5b68-ae8e-59deb815df78,79d49f47-eeb2-5039-8b9c-5a38fc5a0dde,5,Gulon Mein Rang Bhare,Arijit Singh,4.33,https://www.youtube.com/watch?v=KNQ7ElKRtAs,https://music.youtube.com/watch?v=WH505RVLTYM,https://music.youtube.com/watch?v=q38lDb6w1p0,https://music.youtube.com/watch?v=Q_8APMx_gRo
f16d9b03-31ba-5bff-8562-a05832b3fbaa,acf6f140-a606-5b0b-a385-5cbf6562e12d,3,Zehnaseeb,"Chinmayi Sripaada, Shekhar Ravjiani",4.33,https://www.youtube.com/watch?v=KLYwt0YmQw8,https://music.youtube.com/watch?v=qug-H-sLd04,https://music.youtube.com/watch?v=2g-p76-r33I,
f23018f1-61d2-5701-a27a-64a33dbde75e,6a244cb4-d37a-5f6d-8dbb-ed934416543e,1,Patakha Guddi (Female Version),Nooran Sisters,4.5,http://www.youtube.com/watch?v=cprez2G15LI,https://music.youtube.com/watch?v=8HDTS80dlr4,https://music.youtube.com/watch?v=2y9Fp4ocBWg,https://music.youtube.com/watch?v=NpGfDUV-Ufk
362e0b7d-0928-55a4-bd64-bfdf846bf2fb,6a244cb4-d37a-5f6d-8dbb-ed934416543e,2,Maahi Ve,A.R. Rahman,4.8,https://www.youtube.com/watch?v=s8aAlUynpEY,https://music.youtube.com/watch?v=xHLnZMjJ8bY,https://music.youtube.com/watch?v=LBnHAzpyra4,https://music.youtube.com/watch?v=x0zC7ATLLT4
06733c4a-ba04-57b3-a3b1-2fbd3c7965fd,6a244cb4-d37a-5f6d-8dbb-ed934416543e,3,Kahaan Hoon Main,Jonita Gandhi,4.33,https://www.youtube.com/watch?v=iAxCcecVaig,https://music.youtube.com/watch?v=iAxCcecVaig,https://music.youtube.com/watch?v=eIMDUmyQ08o,https://music.youtube.com/watch?v=gFXb7UwYPRc
dc9c180e-a4e5-5cd7-91cf-36603949ac63,6a244cb4-d37a-5f6d-8dbb-ed934416543e,6,Patakha Guddi (Male Version),A.R. Rahman,4.5,https://www.youtube.com/watch?v=8HDTS80dlr4,https://music.youtube.com/watch?v=30zJZPb-o3Q,https://music.youtube.com/watch?v=LhfulbP46i0,https://music.youtube.com/watch?v=u_9KqtvNjFo
411d40a7-9256-549f-b409-cb7112d5c6a6,885ca256-bfa9-5290-92be-7135908617b2,2,Main Tenu Samjhawan Ki,"Arijit Singh, Shreya Ghoshal",4.33,https://www.youtube.com/watch?v=wO5j3lv_9Fs,https://music.youtube.com/watch?v=wO5j3lv_9Fs,https://music.youtube.com/watch?v=pUwpLoLlzNQ,https://music.youtube.com/watch?v=Lxl_ISBf-QA
27956aa3-66c9-5735-b917-f9ee26c68641,cbd7d6b9-2c0a-5445-ae26-473ade47c90b,4,Mawali Qawwali,"Raghav Mathur, Tanvi Shah",4.5,https://www.youtube.com/watch?v=1wlYmRbY2L0,https://music.youtube.com/watch?v=GlEjQrq_9Sk,https://music.youtube.com/watch?v=zPU_ATTxIBg,https://music.youtube.com/watch?v=1wlYmRbY2L0
dfa1c273-0763-579e-921c-dbf794c8f6dd,224ae48a-2c2a-5580-9d30-268b5fd9bc11,1,London Thumakda,"Labh Janjua, Neha Kakkar, Sonu Kakkar",4.67,https://www.youtube.com/watch?v=udra3Mfw2oo,https://music.youtube.com/watch?v=yb4oCde7Zqs,https://music.youtube.com/watch?v=crrHSFnM3ic,https://music.youtube.com/watch?v=l1xHecvnS_8
40b48681-76e9-503a-8dae-15faf713498d,224ae48a-2c2a-5580-9d30-268b5fd9bc11,2,Badra Bahaar,Amit Trivedi,4.33,https://www.youtube.com/watch?v=j2wQgX0Elpk,https://music.youtube.com/watch?v=X3vQsPMcM3M,https://music.youtube.com/watch?v=9OysJrNRM6c,https://music.youtube.com/watch?v=G4muMbjjQ-M
841f20b3-2cae-5ca3-9a6f-e5dd31605ff9,224ae48a-2c2a-5580-9d30-268b5fd9bc11,4,Taake Jhaanke,Arijit Singh,4.6,https://www.youtube.com/watch?v=akGvEQwCqkc,https://music.youtube.com/watch?v=akGvEQwCqkc,https://music.youtube.com/watch?v=To27sK7tSmo,https://music.youtube.com/watch?v=CtnE8coYT4w
6747bbd2-b6b4-570c-92e5-a7742331f21f,224ae48a-2c2a-5580-9d30-268b5fd9bc11,5,Jugni,Amit Trivedi,4.83,https://www.youtube.com/watch?v=GxWWAFcLJpQ,https://music.youtube.com/watch?v=2YoGxa1GH_8,https://music.youtube.com/watch?v=8r28fYHs7-U,https://music.youtube.com/watch?v=W76MD8zzXAg
3178717a-e683-5970-a90a-952376c0c9bc,224ae48a-2c2a-5580-9d30-268b5fd9bc11,7,Kinare,Mohan Kannan,4.4,https://www.youtube.com/watch?v=77kLWFG4wYA,https://music.youtube.com/watch?v=VggNsjeKiQg,https://music.youtube.com/watch?v=77kLWFG4wYA,https://music.youtube.com/watch?v=wcxGwpaGoI4
fd3216db-5a5f-5e64-bc30-673924a8d957,224ae48a-2c2a-5580-9d30-268b5fd9bc11,9,Hungama Ho Gaya (Remix),"Asha Bhosle, Arijit Singh",4.5,https://www.youtube.com/watch?v=tyviwPcJ22c,https://music.youtube.com/watch?v=11s1ZQuUwXQ,https://music.youtube.com/watch?v=wcVOgIItkKI,https://music.youtube.com/watch?v=mW3rc51kEUA
