track_name,artist,album,popularity,pop_category,release_date,release_year,duration_ms,duration_min,mood,activity
Abhi Mujh Mein Kahin,Ajay-Atul,Agneepath (Original Motion Picture Soundtrack),65,popular,2011-12-16,2011.0,364786,6.079766666666667,nostalgic / bollywood classic,study / focus
Pashmina,Amit Trivedi,Fitoor (Original Motion Picture Soundtrack),57,popular,2018-05-15,2018.0,283110,4.7185,chill / emotional,study / focus
Roobaroo,A.R. Rahman,Rang De Basanti (Original Motion Picture Soundtrack),60,popular,2005-12-04,2005.0,282973,4.716216666666667,deep nostalgia,memory lane / relaxation
Hai Junoon,Pritam,New York,57,popular,2009-06-10,2009.0,331572,5.5262,nostalgic / bollywood classic,memory lane / relaxation
Evermore,Hamzay,Evermore,30,underground,2026-04-08,2026.0,193190,3.2198333333333333,chill / emotional,study / focus
Chupke Se,A.R. Rahman,Saathiya,61,popular,2002-10-18,2002.0,364408,6.073466666666667,deep nostalgia,memory lane / relaxation
Kabira,Pritam,Yeh Jawaani Hai Deewani,76,viral,2013-03-30,2013.0,223459,3.7243166666666667,nostalgic / bollywood classic,party / gym
Kal Ho Naa Ho,Shankar-Ehsaan-Loy,Kal Ho Naa Ho (Original Motion Picture Soundtrack),67,popular,2003-09-20,2003.0,321240,5.354,nostalgic / bollywood classic,memory lane / relaxation
Phir Se Ud Chala,Mohit Chauhan,Rockstar,67,popular,2011-10-01,2011.0,268833,4.48055,chill / emotional,study / focus
Tu Phir Mile,Nischay Tiwari,Tu Phir Mile,11,underground,2025-02-26,2025.0,203750,3.3958333333333335,chill / emotional,study / focus
Darkhaast,Mithoon,Shivaay,80,viral,2016-10-07,2016.0,374205,6.23675,mainstream / upbeat,party / gym
Bin Tere,Vishal-Shekhar,I Hate Luv Storys (Original Motion Picture Soundtrack),75,viral,2010-05-25,2010.0,330360,5.506,nostalgic / bollywood classic,study / focus
Bulleya,Pritam,Ae Dil Hai Mushkil (Original Motion Picture Soundtrack) [Deluxe Edition],68,popular,2016-10-26,2016.0,348965,5.816083333333333,chill / emotional,study / focus
Bhool Bhulaiyaa,Pritam,Bhool Bhulaiyaa,61,popular,2007-09-05,2007.0,325033,5.417216666666667,nostalgic / bollywood classic,memory lane / relaxation
Hain Kya,Abhinav Singh,Hain Kya,20,underground,2025-04-25,2025.0,234545,3.9090833333333332,chill / emotional,study / focus
Channa Mereya,Pritam,Ae Dil Hai Mushkil (Original Motion Picture Soundtrack) [Deluxe Edition],73,popular,2016-10-26,2016.0,289333,4.822216666666667,mainstream / upbeat,study / focus
Safarnama,Lucky Ali,Tamasha,63,popular,2015-10-16,2015.0,251402,4.190033333333333,chill / emotional,study / focus
Phir Le Aya Dil,Pritam,Barfi! (Original Motion Picture Soundtrack),61,popular,2012-06-24,2012.0,285000,4.75,nostalgic / bollywood classic,study / focus
"Haareya (From ""Meri Pyaari Bindu "")",Sachin-Jigar,YRF Top 10 - Midnight Hour,60,popular,2021-02-17,2021.0,214735,3.5789166666666667,romantic / emotional,study / focus
Arziyan,Javed Ali,Delhi-6,58,popular,2009-01-19,2009.0,519235,8.653916666666667,deep nostalgia,memory lane / relaxation
Saibo,Sachin-Jigar,Shor in the City (Original Motion Picture Soundtrack),43,underground,2011-03-28,2011.0,195253,3.2542166666666668,chill / emotional,study / focus
Tum Ho,Mohit Chauhan,Rockstar,73,popular,2011-10-01,2011.0,316500,5.275,romantic / emotional,study / focus
Rait Zara Si,Arijit Singh,Atrangi Re,56,popular,2021-12-06,2021.0,291462,4.8577,chill / emotional,study / focus
Ishq Wala Love,Vishal-Shekhar,Student of the Year (Original Motion Picture Soundtrack),74,popular,2012-08-31,2012.0,257972,4.299533333333334,nostalgic / bollywood classic,study / focus
Pani Da Rang (Male),Ayushmann Khurrana,Putumayo Presents Indian Groove,0,underground,2017-10-06,2017.0,239333,3.9888833333333333,chill / emotional,study / focus
Samjhawan,Jawad Ahmad,Samjhawan,83,viral,2014-06-19,2014.0,269184,4.4864,mainstream / upbeat,party / gym
Sham,Amit Trivedi,Aisha (Original Motion Picture Soundtrack),57,popular,2010-07-05,2010.0,284626,4.743766666666667,nostalgic / bollywood classic,study / focus
Tere Bina,A.R. Rahman,Guru (Original Motion Picture Soundtrack),81,viral,2006-09-11,2006.0,309640,5.160666666666667,deep nostalgia,memory lane / relaxation
O Sanam,Lucky Ali,Sunoh,63,popular,1996-05-06,1996.0,223027,3.7171166666666666,deep nostalgia,memory lane / relaxation
Dooba Dooba,Silk Route,Boondein,56,popular,1998-05-06,1998.0,303020,5.050333333333334,deep nostalgia,memory lane / relaxation
Teri Deewani,Kailash Kher,Kailasa,80,viral,2006-02-24,2006.0,323520,5.392,deep nostalgia,memory lane / relaxation
Khaabon Ke Parinday,Alyssa Mendonsa,Zindagi Na Milegi Dobara,60,popular,2011-06-06,2011.0,251704,4.1950666666666665,chill / emotional,study / focus
Kabhi Kabhi Aditi,Rashid Ali,Jaane Tu... Ya Jaane Na,72,popular,2008-05-21,2008.0,218836,3.647266666666667,deep nostalgia,memory lane / relaxation
Slow Motion Angreza,Shankar-Ehsaan-Loy,Bhaag Milkha Bhaag (Original Motion Picture Soundtrack),62,popular,2013-06-14,2013.0,260500,4.341666666666667,nostalgic / bollywood classic,study / focus
"Chaiyya Chaiyya (From ""Dil Se"")",Sukhwinder Singh,Bollywood's Musical Extravaganza - Sonu Nigam & Sukhwinder Singh,55,popular,2016-11-05,2016.0,406848,6.7808,romantic / emotional,study / focus
"Agar Tum Saath Ho (From ""Tamasha"")",BollyKex,"Agar Tum Saath Ho (From ""Tamasha"")",0,underground,2019-12-29,2019.0,341121,5.68535,romantic / emotional,study / focus
Gal Mitthi Mitthi,Amit Trivedi,Aisha (Original Motion Picture Soundtrack),61,popular,2010-07-05,2010.0,255906,4.2651,nostalgic / bollywood classic,study / focus
Dil Se Re,A.R. Rahman,Dil Se (Original Motion Picture Soundtrack),60,popular,1998-07-08,1998.0,405706,6.7617666666666665,romantic / emotional,memory lane / relaxation
Tum Se Hi,Pritam,Jab We Met,79,viral,2007-09-21,2007.0,321225,5.35375,nostalgic / bollywood classic,memory lane / relaxation
In Dino,Pritam,Life In A Metro (Original Motion Picture Soundtrack),63,popular,2007-03-17,2007.0,397026,6.6171,nostalgic / bollywood classic,memory lane / relaxation
Shukran Allah,Salim–Sulaiman,Kurbaan (Original Motion Picture Soundtrack),63,popular,2009-10-15,2009.0,290053,4.834216666666666,deep nostalgia,memory lane / relaxation
Jab Se Tere Naina,Monty Sharma,Saawariya (Original Motion Picture Soundtrack),68,popular,2007-09-14,2007.0,284573,4.742883333333333,deep nostalgia,memory lane / relaxation
"Bolna (From ""Kapoor & Sons (Since 1921)"")",Tanishk Bagchi,"Bolna (From ""Kapoor & Sons (Since 1921)"")",67,popular,2016-03-04,2016.0,212832,3.5472,chill / emotional,study / focus
Sajdaa,Shankar-Ehsaan-Loy,My Name Is Khan (Original Motion Picture Soundtrack),0,underground,2010-01-05,2010.0,365706,6.0951,nostalgic / bollywood classic,study / focus
Zehnaseeb,Vishal-Shekhar,Hasee Toh Phasee (Original Motion Picture Soundtrack),71,popular,2014-01-05,2014.0,217440,3.624,nostalgic / bollywood classic,study / focus
"Galliyan (From ""Ek Villain"")",Ankit Tiwari,Best Of Shraddha Kapoor,60,popular,2017-03-03,2017.0,340399,5.673316666666667,chill / emotional,study / focus
Subhanallah,Pritam,Yeh Jawaani Hai Deewani,74,popular,2013-03-30,2013.0,249707,4.161783333333333,nostalgic / bollywood classic,study / focus
Zara Sa,Pritam,Jannat (Original Motion Picture Soundtrack),79,viral,2008-03-07,2008.0,303680,5.061333333333334,nostalgic / bollywood classic,memory lane / relaxation
Kun Faya Kun,A.R. Rahman,Rockstar,73,popular,2011-10-01,2011.0,470500,7.841666666666667,mainstream / upbeat,study / focus
Aaya Tere Dar Par,Madan Mohan,Veer - Zaara,58,popular,2004-09-18,2004.0,471013,7.850216666666666,deep nostalgia,memory lane / relaxation
Saiyyan,Kailash Kher,Jhoomo Re,74,popular,2011-06-03,2011.0,343906,5.731766666666666,mainstream / upbeat,study / focus
Moh Moh Ke Dhaage (Male),Anu Malik,Dum Laga Ke Haisha,61,popular,2015-02-09,2015.0,322899,5.38165,chill / emotional,study / focus
"Gerua (From ""Dilwale"")",Pritam,Arijit Singh - Ultimate Love Songs,45,underground,2016-02-05,2016.0,345558,5.7593,romantic / emotional,study / focus
Ambarsariya,Sona Mohapatra,Fukrey,72,popular,2013-05-14,2013.0,248182,4.1363666666666665,mainstream / upbeat,study / focus
Yeh Ladka Hai Allah,Jatin-Lalit,Kabhi Khushi Kabhie Gham (Original Motion Picture Soundtrack),65,popular,2001-11-28,2001.0,327226,5.453766666666667,deep nostalgia,memory lane / relaxation
"Jaane Kyun (From ""Dostana"")",Vishal-Shekhar,Best of Me Vishal Shekhar,46,underground,2013-04-22,2013.0,277986,4.6331,nostalgic / bollywood classic,study / focus
Love You Zindagi,Amit Trivedi,Dear Zindagi (Original Motion Picture Soundtrack),64,popular,2016-11-15,2016.0,232496,3.8749333333333333,romantic / emotional,study / focus
Khuda Jaane,Vishal-Shekhar,Bachna Ae Haseeno,77,viral,2008-07-05,2008.0,333583,5.559716666666667,nostalgic / bollywood classic,memory lane / relaxation
Tujhe Bhula Diya,Vishal-Shekhar,Anjaana Anjaani,73,popular,2010-08-19,2010.0,279429,4.65715,nostalgic / bollywood classic,study / focus
Tere Naina,Shankar-Ehsaan-Loy,My Name Is Khan (Original Motion Picture Soundtrack),0,underground,2010-01-05,2010.0,278546,4.642433333333333,nostalgic / bollywood classic,study / focus
"Khabar Nahi (From ""Dostana"")",Vishal-Shekhar,Best of Me Vishal Shekhar,39,underground,2013-04-22,2013.0,259120,4.318666666666667,nostalgic / bollywood classic,study / focus
Zara Zara,Bombay Jayashri,Rehnaa Hai Terre Dil Mein,64,popular,2001-10-19,2001.0,298266,4.9711,deep nostalgia,memory lane / relaxation
Enna Sona,A.R. Rahman,OK Jaanu (Original Motion Picture Soundtrack),76,viral,2017-01-04,2017.0,213646,3.560766666666667,mainstream / upbeat,party / gym
Chand Sifarish,Jatin-Lalit,Fanaa,74,popular,2006-04-12,2006.0,275931,4.59885,deep nostalgia,memory lane / relaxation
Aas Paas Khuda,Vishal-Shekhar,Anjaana Anjaani,64,popular,2010-08-19,2010.0,319115,5.318583333333334,nostalgic / bollywood classic,study / focus
Dil Diyan Gallan,Vishal-Shekhar,Tiger Zinda Hai,68,popular,2017-12-12,2017.0,260536,4.342266666666666,romantic / emotional,study / focus
Kyon,Pritam,Barfi! (Original Motion Picture Soundtrack),65,popular,2012-06-24,2012.0,266053,4.434216666666667,nostalgic / bollywood classic,study / focus
Luka Chuppi,A.R. Rahman,Rang De Basanti (Original Motion Picture Soundtrack),65,popular,2005-12-04,2005.0,396506,6.608433333333333,deep nostalgia,memory lane / relaxation
Mera Mann Kehne Laga,Falak Shabbir,Latest Songs Of Ayushmann Khurrana,65,popular,2017-09-12,2017.0,227334,3.7889,chill / emotional,study / focus
Uff Teri Adaa,Shankar Mahadevan,Karthik Calling Karthik,70,popular,2010-01-18,2010.0,304088,5.068133333333333,nostalgic / bollywood classic,study / focus
Dil Dhadakne Do,Joi Barua,Zindagi Na Milegi Dobara,60,popular,2011-06-06,2011.0,230318,3.838633333333333,romantic / emotional,study / focus
Socha Hai,Farhan Akhtar,Rock On,55,popular,2010-02-16,2010.0,246131,4.1021833333333335,chill / emotional,study / focus
"Guzarish (From ""Ghajini"")",Javed Ali,Ar Rahman Musique,50,popular,2019-03-12,2019.0,327029,5.450483333333334,chill / emotional,study / focus
Bahara,Vishal-Shekhar,I Hate Luv Storys (Original Motion Picture Soundtrack),71,popular,2010-05-25,2010.0,325706,5.428433333333333,nostalgic / bollywood classic,study / focus
Ajab Si,KK,Om Shanti Om,71,popular,2007-09-18,2007.0,241668,4.0278,deep nostalgia,memory lane / relaxation
Tujh Mein Rab Dikhta Hai,Salim–Sulaiman,Rab Ne Bana Di Jodi,73,popular,2008-11-06,2008.0,281573,4.6928833333333335,deep nostalgia,memory lane / relaxation
Dil Chahta Hai,Shankar Mahadevan,Dil Chahta Hai,58,popular,2001-06-22,2001.0,310080,5.168,nostalgic / bollywood classic,memory lane / relaxation
Kaise Mujhe,Benny Dayal,Love Dose: Benny Dayal,46,underground,2017-12-05,2017.0,343741,5.729016666666666,chill / emotional,study / focus
"Bekhayali (From ""Kabir Singh"")",Sachet Tandon,"Bekhayali (From ""Kabir Singh"")",74,popular,2019-05-24,2019.0,371790,6.1965,mainstream / upbeat,study / focus
Main Rahoon Ya Na Rahoon,Amaal Mallik,Main Rahoon Ya Na Rahoon,73,popular,2015-11-24,2015.0,309457,5.157616666666667,mainstream / upbeat,study / focus
Pee Loon,Pritam,Once Upon A Time In Mumbaai,75,viral,2010-06-29,2010.0,285686,4.761433333333334,nostalgic / bollywood classic,study / focus
"Ilahi (From ""Yeh Jawaani Hai Deewani"")",Pritam,Groove With Arijit Singh,49,underground,2019-05-22,2019.0,228982,3.8163666666666667,chill / emotional,study / focus
Maahi Ve,A.R. Rahman,Highway,71,popular,2014-01-22,2014.0,240784,4.013066666666667,mainstream / upbeat,study / focus
Woh Ladki Hai Kahan,Shaan,Dil Chahta Hai,66,popular,2001-06-22,2001.0,306133,5.102216666666667,deep nostalgia,memory lane / relaxation
"Raabta (From ""Agent Vinod"")",Pritam,Arijit Singh Broken Strings,40,underground,2019-04-24,2019.0,243578,4.059633333333333,chill / emotional,study / focus
Nazrein Milaana Nazrein Churaana,Benny Dayal,Love Dose: Benny Dayal,42,underground,2017-12-05,2017.0,234858,3.9143,chill / emotional,study / focus
Aaoge Jab Tum,Rashid Khan,Jab We Met,69,popular,2007-09-21,2007.0,355065,5.91775,romantic / emotional,memory lane / relaxation
"Saadi Galli Aaja (From ""Nautanki Saala !"")",Ayushmann Khurrana,Guitar Cafe - Ayushmann Khurrana,38,underground,2019-06-04,2019.0,253416,4.2236,chill / emotional,study / focus
Hawayein,Pritam,Jab Harry Met Sejal (Original Motion Picture Soundtrack),74,popular,2017-08-03,2017.0,290000,4.833333333333333,mainstream / upbeat,study / focus
Aao Milo Chalo,Pritam,Jab We Met,63,popular,2007-09-21,2007.0,325933,5.432216666666666,nostalgic / bollywood classic,memory lane / relaxation
"Humsafar (From ""Badrinath Ki Dulhania"")",Akhil Sachdeva,Best Of Akhil Sachdeva,74,popular,2019-09-03,2019.0,268463,4.474383333333333,mainstream / upbeat,study / focus
"Main Agar Kahoon (From ""Om Shanti Om"")",Sonu Nigam,Love Anthems - Sonu Nigam,31,underground,2019-06-18,2019.0,308158,5.135966666666667,chill / emotional,study / focus
Sawaar Loon,Monali Thakur,Lootera,70,popular,2013-05-29,2013.0,254699,4.244983333333334,chill / emotional,study / focus
Naina,Sona Mohapatra,Khoobsurat,60,popular,2014-08-12,2014.0,225568,3.7594666666666665,chill / emotional,study / focus
Masakali,Mohit Chauhan,Delhi-6,68,popular,2009-01-19,2009.0,288647,4.810783333333333,deep nostalgia,memory lane / relaxation
Mere Bina,Pritam,Crook (Original Motion Picture Soundtrack),72,popular,2010-09-03,2010.0,289560,4.826,nostalgic / bollywood classic,study / focus
"Tujhe Kitna Chahne Lage (From ""Kabir Singh"")",Arijit Singh,"Tujhe Kitna Chahne Lage (From ""Kabir Singh"")",79,viral,2019-05-31,2019.0,284779,4.746316666666667,mainstream / upbeat,party / gym
O Saathi,Atif Aslam,"O Saathi (From ""Baaghi 2"")",76,viral,2018-03-09,2018.0,251818,4.1969666666666665,mainstream / upbeat,party / gym
